category,name,aliases,tex
structures,分式,fraction,\frac{a}{b}
structures,根式,root,\sqrt[n]{x}
structures,平方根,squareRoot,\sqrt{x}
structures,上下标,scripts,x_{i}^{n}
structures,上标,superscript,x^{n}
structures,下标,subscript,x_{i}
structures,伸缩括号,delimiters,\left(\frac{a}{b}\right)
structures,矩阵,matrix,\begin{bmatrix}a&b\\c&d\end{bmatrix}
structures,分段函数,cases,"f(x)=\begin{cases}x,&x\ge0\\-x,&x<0\end{cases}"
structures,对齐方程,aligned,\begin{aligned}a&=b+c\\d&=e+f\end{aligned}
structures,求和,sum,\sum_{i=1}^{n}x_i
structures,积分,integral,"\int_{a}^{b}f(x)\,dx"
structures,极限,limit,\lim_{x\to0}f(x)
structures,重音,accent,\hat{x}
structures,上横线,bar,\overline{x}
structures,边框,boxed,\boxed{x}
structures,二次公式,quadratic,x=\frac{-b\pm\sqrt{b^2-4ac}}{2a}
structures,二项式系数,binomial,\binom{n}{k}
structures,向量,vector,\vec{x}
functions,函数 sin,function.sin,\sin{x}
functions,函数 cos,function.cos,\cos{x}
functions,函数 tan,function.tan,\tan{x}
functions,函数 cot,function.cot,\cot{x}
functions,函数 sec,function.sec,\sec{x}
functions,函数 csc,function.csc,\csc{x}
functions,函数 arcsin,function.arcsin,\arcsin{x}
functions,函数 arccos,function.arccos,\arccos{x}
functions,函数 arctan,function.arctan,\arctan{x}
functions,函数 sinh,function.sinh,\sinh{x}
functions,函数 cosh,function.cosh,\cosh{x}
functions,函数 tanh,function.tanh,\tanh{x}
functions,函数 ln,function.ln,\ln{x}
functions,函数 log,function.log,\log{x}
functions,函数 lg,function.lg,\lg{x}
functions,函数 exp,function.exp,\exp{x}
functions,函数 det,function.det,\det{x}
functions,函数 dim,function.dim,\dim{x}
functions,函数 ker,function.ker,\ker{x}
functions,函数 deg,function.deg,\deg{x}
functions,函数 gcd,function.gcd,\gcd{x}
functions,函数 hom,function.hom,\hom{x}
functions,函数 inf,function.inf,\inf{x}
functions,函数 sup,function.sup,\sup{x}
functions,函数 lim,function.lim,\lim{x}
functions,函数 max,function.max,\max{x}
functions,函数 min,function.min,\min{x}
operators,& U+0026,And,\And
operators,+ U+002B,,+
operators,. U+002E,ldotp,\ldotp
operators,: U+003A,colon,\colon
operators,< U+003C,lt,\lt
operators,= U+003D,,=
operators,> U+003E,gt,\gt
operators,^ U+005E,,^
operators,k U+006B,Bbbk,\Bbbk
operators,| U+007C,,|
operators,~ U+007E,,~
operators,¥ U+00A5,yen,\yen
operators,§ U+00A7,S,\S
operators,¬ U+00AC,neg lnot,\neg
operators,® U+00AE,circledR,\circledR
operators,± U+00B1,pm,\pm
operators,× U+00D7,times,\times
operators,ð U+00F0,eth,\eth
operators,÷ U+00F7,div divsymbol,\div
operators,ı U+0131,imath,\imath
operators,ȷ U+0237,jmath,\jmath
greek,Α U+0391,,Α
greek,Β U+0392,,Β
greek,Γ U+0393,varGamma Gamma,\varGamma
greek,Δ U+0394,varDelta Delta,\varDelta
greek,Ε U+0395,,Ε
greek,Ζ U+0396,,Ζ
greek,Η U+0397,,Η
greek,Θ U+0398,varTheta Theta,\varTheta
greek,Ι U+0399,,Ι
greek,Κ U+039A,,Κ
greek,Λ U+039B,varLambda Lambda,\varLambda
greek,Μ U+039C,,Μ
greek,Ν U+039D,,Ν
greek,Ξ U+039E,varXi Xi,\varXi
greek,Ο U+039F,,Ο
greek,Π U+03A0,varPi Pi,\varPi
greek,Ρ U+03A1,,Ρ
greek,Σ U+03A3,varSigma Sigma,\varSigma
greek,Τ U+03A4,,Τ
greek,Υ U+03A5,varUpsilon Upsilon,\varUpsilon
greek,Φ U+03A6,varPhi Phi,\varPhi
greek,Χ U+03A7,,Χ
greek,Ψ U+03A8,varPsi Psi,\varPsi
greek,Ω U+03A9,varOmega Omega,\varOmega
greek,Ϊ U+03AA,,Ϊ
greek,Ϋ U+03AB,,Ϋ
greek,ά U+03AC,,ά
greek,έ U+03AD,,έ
greek,ή U+03AE,,ή
greek,ί U+03AF,,ί
greek,ΰ U+03B0,,ΰ
greek,α U+03B1,alpha,\alpha
greek,β U+03B2,beta,\beta
greek,γ U+03B3,gamma,\gamma
greek,δ U+03B4,delta,\delta
greek,ε U+03B5,varepsilon,\varepsilon
greek,ζ U+03B6,zeta,\zeta
greek,η U+03B7,eta,\eta
greek,θ U+03B8,theta,\theta
greek,ι U+03B9,iota,\iota
greek,κ U+03BA,kappa,\kappa
greek,λ U+03BB,lambda,\lambda
greek,μ U+03BC,mu,\mu
greek,ν U+03BD,nu,\nu
greek,ξ U+03BE,xi,\xi
greek,ο U+03BF,omicron,\omicron
greek,π U+03C0,pi,\pi
greek,ρ U+03C1,rho,\rho
greek,ς U+03C2,varsigma,\varsigma
greek,σ U+03C3,sigma,\sigma
greek,τ U+03C4,tau,\tau
greek,υ U+03C5,upsilon,\upsilon
greek,φ U+03C6,varphi,\varphi
greek,χ U+03C7,chi,\chi
greek,ψ U+03C8,psi,\psi
greek,ω U+03C9,omega,\omega
greek,ϊ U+03CA,,ϊ
greek,ϋ U+03CB,,ϋ
greek,ό U+03CC,,ό
greek,ύ U+03CD,,ύ
greek,ώ U+03CE,,ώ
greek,Ϗ U+03CF,,Ϗ
greek,ϐ U+03D0,,ϐ
greek,ϑ U+03D1,vartheta,\vartheta
greek,ϒ U+03D2,,ϒ
greek,ϓ U+03D3,,ϓ
greek,ϔ U+03D4,,ϔ
greek,ϕ U+03D5,phi,\phi
greek,ϖ U+03D6,varpi,\varpi
greek,ϗ U+03D7,,ϗ
greek,Ϙ U+03D8,,Ϙ
greek,ϙ U+03D9,,ϙ
greek,Ϛ U+03DA,,Ϛ
greek,ϛ U+03DB,,ϛ
greek,Ϝ U+03DC,,Ϝ
greek,ϝ U+03DD,digamma,\digamma
greek,Ϟ U+03DE,,Ϟ
greek,ϟ U+03DF,,ϟ
greek,Ϡ U+03E0,,Ϡ
greek,ϡ U+03E1,,ϡ
greek,Ϣ U+03E2,,Ϣ
greek,ϣ U+03E3,,ϣ
greek,Ϥ U+03E4,,Ϥ
greek,ϥ U+03E5,,ϥ
greek,Ϧ U+03E6,,Ϧ
greek,ϧ U+03E7,,ϧ
greek,Ϩ U+03E8,,Ϩ
greek,ϩ U+03E9,,ϩ
greek,Ϫ U+03EA,,Ϫ
greek,ϫ U+03EB,,ϫ
greek,Ϭ U+03EC,,Ϭ
greek,ϭ U+03ED,,ϭ
greek,Ϯ U+03EE,,Ϯ
greek,ϯ U+03EF,,ϯ
greek,ϰ U+03F0,varkappa,\varkappa
greek,ϱ U+03F1,varrho,\varrho
greek,ϲ U+03F2,,ϲ
greek,ϳ U+03F3,,ϳ
greek,ϴ U+03F4,,ϴ
greek,ϵ U+03F5,epsilon,\epsilon
greek,϶ U+03F6,,϶
operators,؆ U+0606,,؆
operators,؇ U+0607,,؇
operators,؈ U+0608,,؈
operators,‖ U+2016,,‖
operators,† U+2020,dagger,\dagger
operators,‡ U+2021,ddagger,\ddagger
operators,… U+2026,ldots dotsc dotso,\ldots
operators,′ U+2032,prime,\prime
operators,″ U+2033,,″
operators,‴ U+2034,,‴
operators,‵ U+2035,backprime,\backprime
operators,⁀ U+2040,,⁀
operators,⁄ U+2044,,⁄
operators,⁒ U+2052,,⁒
operators,⁺ U+207A,,⁺
operators,⁻ U+207B,,⁻
operators,⁼ U+207C,,⁼
operators,⁽ U+207D,,⁽
operators,⁾ U+207E,,⁾
operators,₊ U+208A,,₊
operators,₋ U+208B,,₋
operators,₌ U+208C,,₌
operators,₍ U+208D,,₍
operators,₎ U+208E,,₎
operators,⃐ U+20D0,,⃐
operators,⃑ U+20D1,,⃑
operators,⃒ U+20D2,,⃒
operators,⃓ U+20D3,,⃓
operators,⃔ U+20D4,,⃔
operators,⃕ U+20D5,,⃕
operators,⃖ U+20D6,,⃖
operators,⃗ U+20D7,,⃗
operators,⃘ U+20D8,,⃘
operators,⃙ U+20D9,,⃙
operators,⃚ U+20DA,,⃚
operators,⃛ U+20DB,,⃛
operators,⃜ U+20DC,,⃜
operators,⃡ U+20E1,,⃡
operators,⃥ U+20E5,,⃥
operators,⃦ U+20E6,,⃦
operators,⃫ U+20EB,,⃫
operators,⃬ U+20EC,,⃬
operators,⃭ U+20ED,,⃭
operators,⃮ U+20EE,,⃮
operators,⃯ U+20EF,,⃯
letters,ℂ U+2102,,ℂ
letters,ℇ U+2107,,ℇ
letters,ℊ U+210A,,ℊ
letters,ℋ U+210B,,ℋ
letters,ℌ U+210C,,ℌ
letters,ℍ U+210D,,ℍ
letters,ℎ U+210E,,ℎ
letters,ℏ U+210F,hslash hbar,\hslash
letters,ℐ U+2110,,ℐ
letters,ℑ U+2111,Im,\Im
letters,ℒ U+2112,,ℒ
letters,ℓ U+2113,ell,\ell
letters,ℕ U+2115,,ℕ
letters,℘ U+2118,wp,\wp
letters,ℙ U+2119,,ℙ
letters,ℚ U+211A,,ℚ
letters,ℛ U+211B,,ℛ
letters,ℜ U+211C,Re,\Re
letters,ℝ U+211D,,ℝ
letters,ℤ U+2124,,ℤ
letters,℧ U+2127,mho,\mho
letters,ℨ U+2128,,ℨ
letters,℩ U+2129,,℩
letters,ℬ U+212C,,ℬ
letters,ℭ U+212D,,ℭ
letters,ℯ U+212F,,ℯ
letters,ℰ U+2130,,ℰ
letters,ℱ U+2131,,ℱ
letters,Ⅎ U+2132,Finv,\Finv
letters,ℳ U+2133,,ℳ
letters,ℴ U+2134,,ℴ
letters,ℵ U+2135,aleph,\aleph
letters,ℶ U+2136,beth,\beth
letters,ℷ U+2137,gimel,\gimel
letters,ℸ U+2138,daleth,\daleth
letters,ℼ U+213C,,ℼ
letters,ℽ U+213D,,ℽ
letters,ℾ U+213E,,ℾ
letters,ℿ U+213F,,ℿ
letters,⅀ U+2140,,⅀
letters,⅁ U+2141,Game,\Game
letters,⅂ U+2142,,⅂
letters,⅃ U+2143,,⅃
letters,⅄ U+2144,,⅄
letters,ⅅ U+2145,,ⅅ
letters,ⅆ U+2146,,ⅆ
letters,ⅇ U+2147,,ⅇ
letters,ⅈ U+2148,,ⅈ
letters,ⅉ U+2149,,ⅉ
letters,⅋ U+214B,,⅋
arrows,← U+2190,leftarrow gets,\leftarrow
arrows,↑ U+2191,,↑
arrows,→ U+2192,rightarrow to,\rightarrow
arrows,↓ U+2193,,↓
arrows,↔ U+2194,leftrightarrow,\leftrightarrow
arrows,↕ U+2195,,↕
arrows,↖ U+2196,nwarrow,\nwarrow
arrows,↗ U+2197,nearrow,\nearrow
arrows,↘ U+2198,searrow,\searrow
arrows,↙ U+2199,swarrow,\swarrow
arrows,↚ U+219A,nleftarrow,\nleftarrow
arrows,↛ U+219B,nrightarrow,\nrightarrow
arrows,↜ U+219C,,↜
arrows,↝ U+219D,,↝
arrows,↞ U+219E,twoheadleftarrow,\twoheadleftarrow
arrows,↟ U+219F,,↟
arrows,↠ U+21A0,twoheadrightarrow,\twoheadrightarrow
arrows,↡ U+21A1,,↡
arrows,↢ U+21A2,leftarrowtail,\leftarrowtail
arrows,↣ U+21A3,rightarrowtail,\rightarrowtail
arrows,↤ U+21A4,,↤
arrows,↥ U+21A5,,↥
arrows,↦ U+21A6,mapsto,\mapsto
arrows,↧ U+21A7,,↧
arrows,↩ U+21A9,hookleftarrow,\hookleftarrow
arrows,↪ U+21AA,hookrightarrow,\hookrightarrow
arrows,↫ U+21AB,looparrowleft,\looparrowleft
arrows,↬ U+21AC,looparrowright,\looparrowright
arrows,↭ U+21AD,leftrightsquigarrow,\leftrightsquigarrow
arrows,↮ U+21AE,nleftrightarrow,\nleftrightarrow
arrows,↰ U+21B0,Lsh,\Lsh
arrows,↱ U+21B1,Rsh,\Rsh
arrows,↶ U+21B6,curvearrowleft,\curvearrowleft
arrows,↷ U+21B7,curvearrowright,\curvearrowright
arrows,↺ U+21BA,circlearrowleft,\circlearrowleft
arrows,↻ U+21BB,circlearrowright,\circlearrowright
arrows,↼ U+21BC,leftharpoonup,\leftharpoonup
arrows,↽ U+21BD,leftharpoondown,\leftharpoondown
arrows,↾ U+21BE,upharpoonright restriction,\upharpoonright
arrows,↿ U+21BF,upharpoonleft,\upharpoonleft
arrows,⇀ U+21C0,rightharpoonup,\rightharpoonup
arrows,⇁ U+21C1,rightharpoondown,\rightharpoondown
arrows,⇂ U+21C2,downharpoonright,\downharpoonright
arrows,⇃ U+21C3,downharpoonleft,\downharpoonleft
arrows,⇄ U+21C4,rightleftarrows,\rightleftarrows
arrows,⇅ U+21C5,,⇅
arrows,⇆ U+21C6,leftrightarrows,\leftrightarrows
arrows,⇇ U+21C7,leftleftarrows,\leftleftarrows
arrows,⇈ U+21C8,upuparrows,\upuparrows
arrows,⇉ U+21C9,rightrightarrows,\rightrightarrows
arrows,⇊ U+21CA,downdownarrows,\downdownarrows
arrows,⇋ U+21CB,leftrightharpoons,\leftrightharpoons
arrows,⇌ U+21CC,rightleftharpoons,\rightleftharpoons
arrows,⇍ U+21CD,nLeftarrow,\nLeftarrow
arrows,⇎ U+21CE,nLeftrightarrow,\nLeftrightarrow
arrows,⇏ U+21CF,nRightarrow,\nRightarrow
arrows,⇐ U+21D0,Leftarrow,\Leftarrow
arrows,⇑ U+21D1,,⇑
arrows,⇒ U+21D2,Rightarrow,\Rightarrow
arrows,⇓ U+21D3,,⇓
arrows,⇔ U+21D4,Leftrightarrow,\Leftrightarrow
arrows,⇕ U+21D5,,⇕
arrows,⇖ U+21D6,,⇖
arrows,⇗ U+21D7,,⇗
arrows,⇘ U+21D8,,⇘
arrows,⇙ U+21D9,,⇙
arrows,⇚ U+21DA,Lleftarrow,\Lleftarrow
arrows,⇛ U+21DB,Rrightarrow,\Rrightarrow
arrows,⇝ U+21DD,rightsquigarrow leadsto,\rightsquigarrow
arrows,⇠ U+21E0,dashleftarrow,\dashleftarrow
arrows,⇢ U+21E2,dashrightarrow,\dashrightarrow
arrows,⇤ U+21E4,,⇤
arrows,⇥ U+21E5,,⇥
arrows,⇴ U+21F4,,⇴
arrows,⇵ U+21F5,,⇵
arrows,⇶ U+21F6,,⇶
arrows,⇷ U+21F7,,⇷
arrows,⇸ U+21F8,,⇸
arrows,⇹ U+21F9,,⇹
arrows,⇺ U+21FA,,⇺
arrows,⇻ U+21FB,,⇻
arrows,⇼ U+21FC,,⇼
arrows,⇽ U+21FD,,⇽
arrows,⇾ U+21FE,,⇾
arrows,⇿ U+21FF,,⇿
operators,∀ U+2200,forall,\forall
operators,∁ U+2201,complement,\complement
operators,∂ U+2202,partial,\partial
operators,∃ U+2203,exists,\exists
operators,∄ U+2204,nexists,\nexists
operators,∅ U+2205,varnothing emptyset,\varnothing
operators,∆ U+2206,,∆
operators,∇ U+2207,nabla,\nabla
relations,∈ U+2208,in,\in
relations,∉ U+2209,notin,\notin
operators,∊ U+220A,,∊
operators,∋ U+220B,ni owns,\ni
operators,∌ U+220C,,∌
operators,∍ U+220D,backepsilon,\backepsilon
operators,∎ U+220E,,∎
operators,∏ U+220F,prod,\prod
operators,∐ U+2210,coprod,\coprod
operators,∑ U+2211,sum,\sum
operators,− U+2212,,−
operators,∓ U+2213,mp,\mp
operators,∔ U+2214,dotplus,\dotplus
operators,∕ U+2215,,∕
operators,∖ U+2216,smallsetminus backslash setminus,\smallsetminus
operators,∗ U+2217,ast,\ast
operators,∘ U+2218,circ,\circ
operators,∙ U+2219,bullet,\bullet
operators,√ U+221A,surd,\surd
operators,∛ U+221B,,∛
operators,∜ U+221C,,∜
operators,∝ U+221D,varpropto propto,\varpropto
operators,∞ U+221E,infty,\infty
operators,∟ U+221F,,∟
operators,∠ U+2220,angle,\angle
operators,∡ U+2221,measuredangle,\measuredangle
operators,∢ U+2222,sphericalangle,\sphericalangle
operators,∣ U+2223,shortmid mid,\shortmid
operators,∤ U+2224,nshortmid nmid,\nshortmid
operators,∥ U+2225,shortparallel parallel,\shortparallel
operators,∦ U+2226,nshortparallel nparallel,\nshortparallel
operators,∧ U+2227,wedge land,\wedge
operators,∨ U+2228,vee lor,\vee
operators,∩ U+2229,cap,\cap
operators,∪ U+222A,cup,\cup
operators,∫ U+222B,int intop smallint,\int
operators,∬ U+222C,iint,\iint
operators,∭ U+222D,iiint,\iiint
operators,∮ U+222E,oint,\oint
operators,∯ U+222F,,∯
operators,∰ U+2230,,∰
operators,∱ U+2231,,∱
operators,∲ U+2232,,∲
operators,∳ U+2233,,∳
operators,∴ U+2234,therefore,\therefore
operators,∵ U+2235,because,\because
operators,∶ U+2236,,∶
operators,∷ U+2237,,∷
operators,∸ U+2238,,∸
operators,∹ U+2239,,∹
operators,∺ U+223A,,∺
operators,∻ U+223B,,∻
relations,∼ U+223C,thicksim sim,\thicksim
relations,∽ U+223D,backsim,\backsim
operators,∾ U+223E,,∾
operators,∿ U+223F,,∿
operators,≀ U+2240,wr,\wr
relations,≁ U+2241,nsim,\nsim
relations,≂ U+2242,eqsim,\eqsim
relations,≃ U+2243,simeq,\simeq
operators,≄ U+2244,,≄
relations,≅ U+2245,cong,\cong
operators,≆ U+2246,,≆
relations,≇ U+2247,ncong,\ncong
relations,≈ U+2248,thickapprox approx,\thickapprox
operators,≉ U+2249,,≉
relations,≊ U+224A,approxeq,\approxeq
operators,≋ U+224B,,≋
operators,≌ U+224C,,≌
operators,≍ U+224D,asymp,\asymp
operators,≎ U+224E,Bumpeq,\Bumpeq
operators,≏ U+224F,bumpeq,\bumpeq
operators,≐ U+2250,doteq,\doteq
operators,≑ U+2251,doteqdot Doteq,\doteqdot
operators,≒ U+2252,fallingdotseq,\fallingdotseq
operators,≓ U+2253,risingdotseq,\risingdotseq
operators,≔ U+2254,,≔
operators,≕ U+2255,,≕
operators,≖ U+2256,eqcirc,\eqcirc
operators,≗ U+2257,circeq,\circeq
operators,≘ U+2258,,≘
operators,≙ U+2259,,≙
operators,≚ U+225A,,≚
operators,≛ U+225B,,≛
relations,≜ U+225C,triangleq,\triangleq
operators,≝ U+225D,,≝
operators,≞ U+225E,,≞
operators,≟ U+225F,,≟
operators,≠ U+2260,ne neq,\ne
operators,≡ U+2261,equiv,\equiv
operators,≢ U+2262,,≢
operators,≣ U+2263,,≣
relations,≤ U+2264,leq le,\leq
relations,≥ U+2265,geq ge,\geq
relations,≦ U+2266,leqq,\leqq
relations,≧ U+2267,geqq,\geqq
operators,≨ U+2268,lneqq lvertneqq,\lneqq
operators,≩ U+2269,gneqq gvertneqq,\gneqq
operators,≪ U+226A,ll,\ll
operators,≫ U+226B,gg,\gg
operators,≬ U+226C,between,\between
operators,≭ U+226D,,≭
relations,≮ U+226E,nless,\nless
operators,≯ U+226F,ngtr,\ngtr
relations,≰ U+2270,nleq nleqq,\nleq
relations,≱ U+2271,ngeq ngeqq,\ngeq
relations,≲ U+2272,lesssim,\lesssim
relations,≳ U+2273,gtrsim,\gtrsim
operators,≴ U+2274,,≴
operators,≵ U+2275,,≵
relations,≶ U+2276,lessgtr,\lessgtr
relations,≷ U+2277,gtrless,\gtrless
operators,≸ U+2278,,≸
operators,≹ U+2279,,≹
relations,≺ U+227A,prec,\prec
relations,≻ U+227B,succ,\succ
relations,≼ U+227C,preccurlyeq,\preccurlyeq
relations,≽ U+227D,succcurlyeq,\succcurlyeq
relations,≾ U+227E,precsim,\precsim
relations,≿ U+227F,succsim,\succsim
relations,⊀ U+2280,nprec,\nprec
relations,⊁ U+2281,nsucc,\nsucc
relations,⊂ U+2282,subset,\subset
relations,⊃ U+2283,supset,\supset
operators,⊄ U+2284,,⊄
operators,⊅ U+2285,,⊅
relations,⊆ U+2286,subseteq,\subseteq
relations,⊇ U+2287,supseteq,\supseteq
relations,⊈ U+2288,nsubseteq nsubseteqq,\nsubseteq
relations,⊉ U+2289,nsupseteq nsupseteqq,\nsupseteq
relations,⊊ U+228A,subsetneq varsubsetneq,\subsetneq
relations,⊋ U+228B,supsetneq varsupsetneq,\supsetneq
operators,⊌ U+228C,,⊌
operators,⊍ U+228D,,⊍
operators,⊎ U+228E,uplus,\uplus
relations,⊏ U+228F,sqsubset,\sqsubset
relations,⊐ U+2290,sqsupset,\sqsupset
relations,⊑ U+2291,sqsubseteq,\sqsubseteq
relations,⊒ U+2292,sqsupseteq,\sqsupseteq
operators,⊓ U+2293,sqcap,\sqcap
operators,⊔ U+2294,sqcup,\sqcup
operators,⊕ U+2295,oplus,\oplus
operators,⊖ U+2296,ominus,\ominus
operators,⊗ U+2297,otimes,\otimes
operators,⊘ U+2298,oslash,\oslash
operators,⊙ U+2299,odot,\odot
operators,⊚ U+229A,circledcirc,\circledcirc
operators,⊛ U+229B,circledast,\circledast
operators,⊜ U+229C,,⊜
operators,⊝ U+229D,circleddash,\circleddash
operators,⊞ U+229E,boxplus,\boxplus
operators,⊟ U+229F,boxminus,\boxminus
operators,⊠ U+22A0,boxtimes,\boxtimes
operators,⊡ U+22A1,boxdot,\boxdot
operators,⊢ U+22A2,vdash,\vdash
operators,⊣ U+22A3,dashv,\dashv
operators,⊤ U+22A4,top,\top
operators,⊥ U+22A5,bot perp,\bot
operators,⊦ U+22A6,,⊦
operators,⊧ U+22A7,,⊧
operators,⊨ U+22A8,vDash models,\vDash
operators,⊩ U+22A9,Vdash,\Vdash
operators,⊪ U+22AA,Vvdash,\Vvdash
operators,⊫ U+22AB,,⊫
operators,⊬ U+22AC,nvdash,\nvdash
operators,⊭ U+22AD,nvDash,\nvDash
operators,⊮ U+22AE,nVdash,\nVdash
operators,⊯ U+22AF,nVDash,\nVDash
operators,⊰ U+22B0,,⊰
operators,⊱ U+22B1,,⊱
operators,⊲ U+22B2,vartriangleleft lhd,\vartriangleleft
operators,⊳ U+22B3,vartriangleright rhd,\vartriangleright
operators,⊴ U+22B4,trianglelefteq unlhd,\trianglelefteq
operators,⊵ U+22B5,trianglerighteq unrhd,\trianglerighteq
operators,⊶ U+22B6,,⊶
operators,⊷ U+22B7,,⊷
operators,⊸ U+22B8,multimap,\multimap
operators,⊹ U+22B9,,⊹
operators,⊺ U+22BA,intercal,\intercal
operators,⊻ U+22BB,veebar,\veebar
operators,⊼ U+22BC,barwedge,\barwedge
operators,⊽ U+22BD,,⊽
operators,⊾ U+22BE,,⊾
operators,⊿ U+22BF,,⊿
operators,⋀ U+22C0,bigwedge,\bigwedge
operators,⋁ U+22C1,bigvee,\bigvee
operators,⋂ U+22C2,bigcap,\bigcap
operators,⋃ U+22C3,bigcup,\bigcup
operators,⋄ U+22C4,diamond,\diamond
operators,⋅ U+22C5,centerdot cdot cdotp,\centerdot
operators,⋆ U+22C6,star,\star
operators,⋇ U+22C7,divideontimes,\divideontimes
operators,⋈ U+22C8,Join bowtie,\Join
operators,⋉ U+22C9,ltimes,\ltimes
operators,⋊ U+22CA,rtimes,\rtimes
operators,⋋ U+22CB,leftthreetimes,\leftthreetimes
operators,⋌ U+22CC,rightthreetimes,\rightthreetimes
relations,⋍ U+22CD,backsimeq,\backsimeq
operators,⋎ U+22CE,curlyvee,\curlyvee
operators,⋏ U+22CF,curlywedge,\curlywedge
operators,⋐ U+22D0,Subset,\Subset
operators,⋑ U+22D1,Supset,\Supset
operators,⋒ U+22D2,Cap doublecap,\Cap
operators,⋓ U+22D3,Cup doublecup,\Cup
operators,⋔ U+22D4,pitchfork,\pitchfork
operators,⋕ U+22D5,,⋕
relations,⋖ U+22D6,lessdot,\lessdot
operators,⋗ U+22D7,gtrdot,\gtrdot
relations,⋘ U+22D8,lll llless,\lll
operators,⋙ U+22D9,ggg gggtr,\ggg
relations,⋚ U+22DA,lesseqgtr,\lesseqgtr
relations,⋛ U+22DB,gtreqless,\gtreqless
operators,⋜ U+22DC,,⋜
operators,⋝ U+22DD,,⋝
relations,⋞ U+22DE,curlyeqprec,\curlyeqprec
relations,⋟ U+22DF,curlyeqsucc,\curlyeqsucc
relations,⋠ U+22E0,npreceq,\npreceq
relations,⋡ U+22E1,nsucceq,\nsucceq
operators,⋢ U+22E2,,⋢
operators,⋣ U+22E3,,⋣
operators,⋤ U+22E4,,⋤
operators,⋥ U+22E5,,⋥
relations,⋦ U+22E6,lnsim,\lnsim
relations,⋧ U+22E7,gnsim,\gnsim
relations,⋨ U+22E8,precnsim,\precnsim
relations,⋩ U+22E9,succnsim,\succnsim
operators,⋪ U+22EA,ntriangleleft,\ntriangleleft
operators,⋫ U+22EB,ntriangleright,\ntriangleright
operators,⋬ U+22EC,ntrianglelefteq,\ntrianglelefteq
operators,⋭ U+22ED,ntrianglerighteq,\ntrianglerighteq
operators,⋮ U+22EE,vdots,\vdots
operators,⋯ U+22EF,cdots dotsb dotsm dotsi,\cdots
operators,⋰ U+22F0,,⋰
operators,⋱ U+22F1,ddots,\ddots
operators,⋲ U+22F2,,⋲
operators,⋳ U+22F3,,⋳
operators,⋴ U+22F4,,⋴
operators,⋵ U+22F5,,⋵
operators,⋶ U+22F6,,⋶
operators,⋷ U+22F7,,⋷
operators,⋸ U+22F8,,⋸
operators,⋹ U+22F9,,⋹
operators,⋺ U+22FA,,⋺
operators,⋻ U+22FB,,⋻
operators,⋼ U+22FC,,⋼
operators,⋽ U+22FD,,⋽
operators,⋾ U+22FE,,⋾
operators,⋿ U+22FF,,⋿
operators,⌈ U+2308,,⌈
operators,⌉ U+2309,,⌉
operators,⌊ U+230A,,⌊
operators,⌋ U+230B,,⌋
operators,⌠ U+2320,,⌠
operators,⌡ U+2321,,⌡
operators,⌢ U+2322,smallfrown frown,\smallfrown
operators,⌣ U+2323,smallsmile smile,\smallsmile
operators,⍼ U+237C,,⍼
operators,⎛ U+239B,,⎛
operators,⎜ U+239C,,⎜
operators,⎝ U+239D,,⎝
operators,⎞ U+239E,,⎞
operators,⎟ U+239F,,⎟
operators,⎠ U+23A0,,⎠
operators,⎡ U+23A1,,⎡
operators,⎢ U+23A2,,⎢
operators,⎣ U+23A3,,⎣
operators,⎤ U+23A4,,⎤
operators,⎥ U+23A5,,⎥
operators,⎦ U+23A6,,⎦
operators,⎧ U+23A7,,⎧
operators,⎨ U+23A8,,⎨
operators,⎩ U+23A9,,⎩
operators,⎪ U+23AA,,⎪
operators,⎫ U+23AB,,⎫
operators,⎬ U+23AC,,⎬
operators,⎭ U+23AD,,⎭
operators,⎮ U+23AE,,⎮
operators,⎯ U+23AF,,⎯
operators,⎰ U+23B0,,⎰
operators,⎱ U+23B1,,⎱
operators,⎲ U+23B2,,⎲
operators,⎳ U+23B3,,⎳
operators,⎴ U+23B4,,⎴
operators,⎵ U+23B5,,⎵
operators,⎷ U+23B7,,⎷
operators,⏐ U+23D0,,⏐
operators,⏜ U+23DC,,⏜
operators,⏝ U+23DD,,⏝
operators,⏞ U+23DE,,⏞
operators,⏟ U+23DF,,⏟
operators,⏠ U+23E0,,⏠
operators,⏡ U+23E1,,⏡
operators,⏢ U+23E2,,⏢
operators,Ⓢ U+24C8,circledS,\circledS
operators,╱ U+2571,diagup,\diagup
operators,╲ U+2572,diagdown,\diagdown
operators,■ U+25A0,,■
operators,□ U+25A1,,□
operators,▮ U+25AE,,▮
operators,▯ U+25AF,,▯
operators,▰ U+25B0,,▰
operators,▱ U+25B1,,▱
operators,▲ U+25B2,,▲
operators,△ U+25B3,vartriangle triangle bigtriangleup,\vartriangle
operators,▴ U+25B4,blacktriangle,\blacktriangle
operators,▵ U+25B5,,▵
operators,▶ U+25B6,,▶
operators,▷ U+25B7,,▷
operators,▸ U+25B8,blacktriangleright,\blacktriangleright
operators,▹ U+25B9,triangleright,\triangleright
operators,▼ U+25BC,,▼
operators,▽ U+25BD,triangledown bigtriangledown,\triangledown
operators,▾ U+25BE,blacktriangledown,\blacktriangledown
operators,▿ U+25BF,,▿
operators,◀ U+25C0,,◀
operators,◁ U+25C1,,◁
operators,◂ U+25C2,blacktriangleleft,\blacktriangleleft
operators,◃ U+25C3,triangleleft,\triangleleft
operators,◆ U+25C6,,◆
operators,◇ U+25C7,,◇
operators,◊ U+25CA,lozenge Diamond,\lozenge
operators,○ U+25CB,,○
operators,● U+25CF,,●
operators,◐ U+25D0,,◐
operators,◑ U+25D1,,◑
operators,◒ U+25D2,,◒
operators,◓ U+25D3,,◓
operators,◢ U+25E2,,◢
operators,◤ U+25E4,,◤
operators,◧ U+25E7,,◧
operators,◨ U+25E8,,◨
operators,◩ U+25E9,,◩
operators,◪ U+25EA,,◪
operators,◫ U+25EB,,◫
operators,◬ U+25EC,,◬
operators,◯ U+25EF,bigcirc,\bigcirc
operators,◸ U+25F8,,◸
operators,◹ U+25F9,,◹
operators,◺ U+25FA,,◺
operators,◻ U+25FB,square Box,\square
operators,◼ U+25FC,blacksquare,\blacksquare
operators,◽ U+25FD,,◽
operators,◾ U+25FE,,◾
operators,◿ U+25FF,,◿
operators,★ U+2605,bigstar,\bigstar
operators,☆ U+2606,,☆
operators,♀ U+2640,,♀
operators,♂ U+2642,,♂
operators,♠ U+2660,spadesuit,\spadesuit
operators,♡ U+2661,heartsuit,\heartsuit
operators,♢ U+2662,diamondsuit,\diamondsuit
operators,♣ U+2663,clubsuit,\clubsuit
operators,♭ U+266D,flat,\flat
operators,♮ U+266E,natural,\natural
operators,♯ U+266F,sharp,\sharp
operators,✓ U+2713,checkmark,\checkmark
operators,✠ U+2720,maltese,\maltese
operators,⟀ U+27C0,,⟀
operators,⟁ U+27C1,,⟁
operators,⟂ U+27C2,,⟂
operators,⟃ U+27C3,,⟃
operators,⟄ U+27C4,,⟄
operators,⟅ U+27C5,,⟅
operators,⟆ U+27C6,,⟆
operators,⟇ U+27C7,,⟇
operators,⟈ U+27C8,,⟈
operators,⟉ U+27C9,,⟉
operators,⟊ U+27CA,,⟊
operators,⟋ U+27CB,,⟋
operators,⟌ U+27CC,,⟌
operators,⟍ U+27CD,,⟍
operators,⟎ U+27CE,,⟎
operators,⟏ U+27CF,,⟏
operators,⟐ U+27D0,,⟐
operators,⟑ U+27D1,,⟑
operators,⟒ U+27D2,,⟒
operators,⟓ U+27D3,,⟓
operators,⟔ U+27D4,,⟔
operators,⟕ U+27D5,,⟕
operators,⟖ U+27D6,,⟖
operators,⟗ U+27D7,,⟗
operators,⟘ U+27D8,,⟘
operators,⟙ U+27D9,,⟙
operators,⟚ U+27DA,,⟚
operators,⟛ U+27DB,,⟛
operators,⟜ U+27DC,,⟜
operators,⟝ U+27DD,,⟝
operators,⟞ U+27DE,,⟞
operators,⟟ U+27DF,,⟟
operators,⟠ U+27E0,,⟠
operators,⟡ U+27E1,,⟡
operators,⟢ U+27E2,,⟢
operators,⟣ U+27E3,,⟣
operators,⟤ U+27E4,,⟤
operators,⟥ U+27E5,,⟥
operators,⟦ U+27E6,,⟦
operators,⟧ U+27E7,,⟧
operators,⟨ U+27E8,,⟨
operators,⟩ U+27E9,,⟩
operators,⟪ U+27EA,,⟪
operators,⟫ U+27EB,,⟫
operators,⟬ U+27EC,,⟬
operators,⟭ U+27ED,,⟭
operators,⟮ U+27EE,,⟮
operators,⟯ U+27EF,,⟯
arrows,⟰ U+27F0,,⟰
arrows,⟱ U+27F1,,⟱
arrows,⟲ U+27F2,,⟲
arrows,⟳ U+27F3,,⟳
arrows,⟴ U+27F4,,⟴
arrows,⟵ U+27F5,longleftarrow,\longleftarrow
arrows,⟶ U+27F6,longrightarrow,\longrightarrow
arrows,⟷ U+27F7,longleftrightarrow,\longleftrightarrow
arrows,⟸ U+27F8,Longleftarrow,\Longleftarrow
arrows,⟹ U+27F9,Longrightarrow,\Longrightarrow
arrows,⟺ U+27FA,Longleftrightarrow,\Longleftrightarrow
arrows,⟻ U+27FB,,⟻
arrows,⟼ U+27FC,longmapsto,\longmapsto
arrows,⟽ U+27FD,,⟽
arrows,⟾ U+27FE,,⟾
arrows,⟿ U+27FF,,⟿
arrows,⤀ U+2900,,⤀
arrows,⤁ U+2901,,⤁
arrows,⤂ U+2902,,⤂
arrows,⤃ U+2903,,⤃
arrows,⤄ U+2904,,⤄
arrows,⤅ U+2905,,⤅
arrows,⤆ U+2906,,⤆
arrows,⤇ U+2907,,⤇
arrows,⤈ U+2908,,⤈
arrows,⤉ U+2909,,⤉
arrows,⤊ U+290A,,⤊
arrows,⤋ U+290B,,⤋
arrows,⤌ U+290C,,⤌
arrows,⤍ U+290D,,⤍
arrows,⤎ U+290E,,⤎
arrows,⤏ U+290F,,⤏
arrows,⤐ U+2910,,⤐
arrows,⤑ U+2911,,⤑
arrows,⤒ U+2912,,⤒
arrows,⤓ U+2913,,⤓
arrows,⤔ U+2914,,⤔
arrows,⤕ U+2915,,⤕
arrows,⤖ U+2916,,⤖
arrows,⤗ U+2917,,⤗
arrows,⤘ U+2918,,⤘
arrows,⤙ U+2919,,⤙
arrows,⤚ U+291A,,⤚
arrows,⤛ U+291B,,⤛
arrows,⤜ U+291C,,⤜
arrows,⤝ U+291D,,⤝
arrows,⤞ U+291E,,⤞
arrows,⤟ U+291F,,⤟
arrows,⤠ U+2920,,⤠
arrows,⤡ U+2921,,⤡
arrows,⤢ U+2922,,⤢
arrows,⤣ U+2923,,⤣
arrows,⤤ U+2924,,⤤
arrows,⤥ U+2925,,⤥
arrows,⤦ U+2926,,⤦
arrows,⤧ U+2927,,⤧
arrows,⤨ U+2928,,⤨
arrows,⤩ U+2929,,⤩
arrows,⤪ U+292A,,⤪
arrows,⤫ U+292B,,⤫
arrows,⤬ U+292C,,⤬
arrows,⤭ U+292D,,⤭
arrows,⤮ U+292E,,⤮
arrows,⤯ U+292F,,⤯
arrows,⤰ U+2930,,⤰
arrows,⤱ U+2931,,⤱
arrows,⤲ U+2932,,⤲
arrows,⤳ U+2933,,⤳
arrows,⤴ U+2934,,⤴
arrows,⤵ U+2935,,⤵
arrows,⤶ U+2936,,⤶
arrows,⤷ U+2937,,⤷
arrows,⤸ U+2938,,⤸
arrows,⤹ U+2939,,⤹
arrows,⤺ U+293A,,⤺
arrows,⤻ U+293B,,⤻
arrows,⤼ U+293C,,⤼
arrows,⤽ U+293D,,⤽
arrows,⤾ U+293E,,⤾
arrows,⤿ U+293F,,⤿
arrows,⥀ U+2940,,⥀
arrows,⥁ U+2941,,⥁
arrows,⥂ U+2942,,⥂
arrows,⥃ U+2943,,⥃
arrows,⥄ U+2944,,⥄
arrows,⥅ U+2945,,⥅
arrows,⥆ U+2946,,⥆
arrows,⥇ U+2947,,⥇
arrows,⥈ U+2948,,⥈
arrows,⥉ U+2949,,⥉
arrows,⥊ U+294A,,⥊
arrows,⥋ U+294B,,⥋
arrows,⥌ U+294C,,⥌
arrows,⥍ U+294D,,⥍
arrows,⥎ U+294E,,⥎
arrows,⥏ U+294F,,⥏
arrows,⥐ U+2950,,⥐
arrows,⥑ U+2951,,⥑
arrows,⥒ U+2952,,⥒
arrows,⥓ U+2953,,⥓
arrows,⥔ U+2954,,⥔
arrows,⥕ U+2955,,⥕
arrows,⥖ U+2956,,⥖
arrows,⥗ U+2957,,⥗
arrows,⥘ U+2958,,⥘
arrows,⥙ U+2959,,⥙
arrows,⥚ U+295A,,⥚
arrows,⥛ U+295B,,⥛
arrows,⥜ U+295C,,⥜
arrows,⥝ U+295D,,⥝
arrows,⥞ U+295E,,⥞
arrows,⥟ U+295F,,⥟
arrows,⥠ U+2960,,⥠
arrows,⥡ U+2961,,⥡
arrows,⥢ U+2962,,⥢
arrows,⥣ U+2963,,⥣
arrows,⥤ U+2964,,⥤
arrows,⥥ U+2965,,⥥
arrows,⥦ U+2966,,⥦
arrows,⥧ U+2967,,⥧
arrows,⥨ U+2968,,⥨
arrows,⥩ U+2969,,⥩
arrows,⥪ U+296A,,⥪
arrows,⥫ U+296B,,⥫
arrows,⥬ U+296C,,⥬
arrows,⥭ U+296D,,⥭
arrows,⥮ U+296E,,⥮
arrows,⥯ U+296F,,⥯
arrows,⥰ U+2970,,⥰
arrows,⥱ U+2971,,⥱
arrows,⥲ U+2972,,⥲
arrows,⥳ U+2973,,⥳
arrows,⥴ U+2974,,⥴
arrows,⥵ U+2975,,⥵
arrows,⥶ U+2976,,⥶
arrows,⥷ U+2977,,⥷
arrows,⥸ U+2978,,⥸
arrows,⥹ U+2979,,⥹
arrows,⥺ U+297A,,⥺
arrows,⥻ U+297B,,⥻
arrows,⥼ U+297C,,⥼
arrows,⥽ U+297D,,⥽
arrows,⥾ U+297E,,⥾
arrows,⥿ U+297F,,⥿
operators,⦀ U+2980,,⦀
operators,⦁ U+2981,,⦁
operators,⦂ U+2982,,⦂
operators,⦃ U+2983,,⦃
operators,⦄ U+2984,,⦄
operators,⦅ U+2985,,⦅
operators,⦆ U+2986,,⦆
operators,⦇ U+2987,,⦇
operators,⦈ U+2988,,⦈
operators,⦉ U+2989,,⦉
operators,⦊ U+298A,,⦊
operators,⦋ U+298B,,⦋
operators,⦌ U+298C,,⦌
operators,⦍ U+298D,,⦍
operators,⦎ U+298E,,⦎
operators,⦏ U+298F,,⦏
operators,⦐ U+2990,,⦐
operators,⦑ U+2991,,⦑
operators,⦒ U+2992,,⦒
operators,⦓ U+2993,,⦓
operators,⦔ U+2994,,⦔
operators,⦕ U+2995,,⦕
operators,⦖ U+2996,,⦖
operators,⦗ U+2997,,⦗
operators,⦘ U+2998,,⦘
operators,⦙ U+2999,,⦙
operators,⦚ U+299A,,⦚
operators,⦛ U+299B,,⦛
operators,⦜ U+299C,,⦜
operators,⦝ U+299D,,⦝
operators,⦞ U+299E,,⦞
operators,⦟ U+299F,,⦟
operators,⦠ U+29A0,,⦠
operators,⦡ U+29A1,,⦡
operators,⦢ U+29A2,,⦢
operators,⦣ U+29A3,,⦣
operators,⦤ U+29A4,,⦤
operators,⦥ U+29A5,,⦥
operators,⦦ U+29A6,,⦦
operators,⦧ U+29A7,,⦧
operators,⦨ U+29A8,,⦨
operators,⦩ U+29A9,,⦩
operators,⦪ U+29AA,,⦪
operators,⦫ U+29AB,,⦫
operators,⦬ U+29AC,,⦬
operators,⦭ U+29AD,,⦭
operators,⦮ U+29AE,,⦮
operators,⦯ U+29AF,,⦯
operators,⦰ U+29B0,,⦰
operators,⦱ U+29B1,,⦱
operators,⦲ U+29B2,,⦲
operators,⦳ U+29B3,,⦳
operators,⦴ U+29B4,,⦴
operators,⦵ U+29B5,,⦵
operators,⦶ U+29B6,,⦶
operators,⦷ U+29B7,,⦷
operators,⦸ U+29B8,,⦸
operators,⦹ U+29B9,,⦹
operators,⦺ U+29BA,,⦺
operators,⦻ U+29BB,,⦻
operators,⦼ U+29BC,,⦼
operators,⦽ U+29BD,,⦽
operators,⦾ U+29BE,,⦾
operators,⦿ U+29BF,,⦿
operators,⧀ U+29C0,,⧀
operators,⧁ U+29C1,,⧁
operators,⧂ U+29C2,,⧂
operators,⧃ U+29C3,,⧃
operators,⧄ U+29C4,,⧄
operators,⧅ U+29C5,,⧅
operators,⧆ U+29C6,,⧆
operators,⧇ U+29C7,,⧇
operators,⧈ U+29C8,,⧈
operators,⧉ U+29C9,,⧉
operators,⧊ U+29CA,,⧊
operators,⧋ U+29CB,,⧋
operators,⧌ U+29CC,,⧌
operators,⧍ U+29CD,,⧍
operators,⧎ U+29CE,,⧎
operators,⧏ U+29CF,,⧏
operators,⧐ U+29D0,,⧐
operators,⧑ U+29D1,,⧑
operators,⧒ U+29D2,,⧒
operators,⧓ U+29D3,,⧓
operators,⧔ U+29D4,,⧔
operators,⧕ U+29D5,,⧕
operators,⧖ U+29D6,,⧖
operators,⧗ U+29D7,,⧗
operators,⧘ U+29D8,,⧘
operators,⧙ U+29D9,,⧙
operators,⧚ U+29DA,,⧚
operators,⧛ U+29DB,,⧛
operators,⧜ U+29DC,,⧜
operators,⧝ U+29DD,,⧝
operators,⧞ U+29DE,,⧞
operators,⧟ U+29DF,,⧟
operators,⧠ U+29E0,,⧠
operators,⧡ U+29E1,,⧡
operators,⧢ U+29E2,,⧢
operators,⧣ U+29E3,,⧣
operators,⧤ U+29E4,,⧤
operators,⧥ U+29E5,,⧥
operators,⧦ U+29E6,,⧦
operators,⧧ U+29E7,,⧧
operators,⧨ U+29E8,,⧨
operators,⧩ U+29E9,,⧩
operators,⧪ U+29EA,,⧪
operators,⧫ U+29EB,blacklozenge,\blacklozenge
operators,⧬ U+29EC,,⧬
operators,⧭ U+29ED,,⧭
operators,⧮ U+29EE,,⧮
operators,⧯ U+29EF,,⧯
operators,⧰ U+29F0,,⧰
operators,⧱ U+29F1,,⧱
operators,⧲ U+29F2,,⧲
operators,⧳ U+29F3,,⧳
operators,⧴ U+29F4,,⧴
operators,⧵ U+29F5,,⧵
operators,⧶ U+29F6,,⧶
operators,⧷ U+29F7,,⧷
operators,⧸ U+29F8,notChar,\notChar
operators,⧹ U+29F9,,⧹
operators,⧺ U+29FA,,⧺
operators,⧻ U+29FB,,⧻
operators,⧼ U+29FC,,⧼
operators,⧽ U+29FD,,⧽
operators,⧾ U+29FE,,⧾
operators,⧿ U+29FF,,⧿
operators,⨀ U+2A00,bigodot,\bigodot
operators,⨁ U+2A01,bigoplus,\bigoplus
operators,⨂ U+2A02,bigotimes,\bigotimes
operators,⨃ U+2A03,,⨃
operators,⨄ U+2A04,biguplus,\biguplus
operators,⨅ U+2A05,,⨅
operators,⨆ U+2A06,bigsqcup,\bigsqcup
operators,⨇ U+2A07,,⨇
operators,⨈ U+2A08,,⨈
operators,⨉ U+2A09,,⨉
operators,⨊ U+2A0A,,⨊
operators,⨋ U+2A0B,,⨋
operators,⨌ U+2A0C,iiiint,\iiiint
operators,⨍ U+2A0D,,⨍
operators,⨎ U+2A0E,,⨎
operators,⨏ U+2A0F,,⨏
operators,⨐ U+2A10,,⨐
operators,⨑ U+2A11,,⨑
operators,⨒ U+2A12,,⨒
operators,⨓ U+2A13,,⨓
operators,⨔ U+2A14,,⨔
operators,⨕ U+2A15,,⨕
operators,⨖ U+2A16,,⨖
operators,⨗ U+2A17,,⨗
operators,⨘ U+2A18,,⨘
operators,⨙ U+2A19,,⨙
operators,⨚ U+2A1A,,⨚
operators,⨛ U+2A1B,,⨛
operators,⨜ U+2A1C,,⨜
operators,⨝ U+2A1D,,⨝
operators,⨞ U+2A1E,,⨞
operators,⨟ U+2A1F,,⨟
operators,⨠ U+2A20,,⨠
operators,⨡ U+2A21,,⨡
operators,⨢ U+2A22,,⨢
operators,⨣ U+2A23,,⨣
operators,⨤ U+2A24,,⨤
operators,⨥ U+2A25,,⨥
operators,⨦ U+2A26,,⨦
operators,⨧ U+2A27,,⨧
operators,⨨ U+2A28,,⨨
operators,⨩ U+2A29,,⨩
operators,⨪ U+2A2A,,⨪
operators,⨫ U+2A2B,,⨫
operators,⨬ U+2A2C,,⨬
operators,⨭ U+2A2D,,⨭
operators,⨮ U+2A2E,,⨮
operators,⨯ U+2A2F,,⨯
operators,⨰ U+2A30,,⨰
operators,⨱ U+2A31,,⨱
operators,⨲ U+2A32,,⨲
operators,⨳ U+2A33,,⨳
operators,⨴ U+2A34,,⨴
operators,⨵ U+2A35,,⨵
operators,⨶ U+2A36,,⨶
operators,⨷ U+2A37,,⨷
operators,⨸ U+2A38,,⨸
operators,⨹ U+2A39,,⨹
operators,⨺ U+2A3A,,⨺
operators,⨻ U+2A3B,,⨻
operators,⨼ U+2A3C,,⨼
operators,⨽ U+2A3D,,⨽
operators,⨾ U+2A3E,,⨾
operators,⨿ U+2A3F,amalg,\amalg
operators,⩀ U+2A40,,⩀
operators,⩁ U+2A41,,⩁
operators,⩂ U+2A42,,⩂
operators,⩃ U+2A43,,⩃
operators,⩄ U+2A44,,⩄
operators,⩅ U+2A45,,⩅
operators,⩆ U+2A46,,⩆
operators,⩇ U+2A47,,⩇
operators,⩈ U+2A48,,⩈
operators,⩉ U+2A49,,⩉
operators,⩊ U+2A4A,,⩊
operators,⩋ U+2A4B,,⩋
operators,⩌ U+2A4C,,⩌
operators,⩍ U+2A4D,,⩍
operators,⩎ U+2A4E,,⩎
operators,⩏ U+2A4F,,⩏
operators,⩐ U+2A50,,⩐
operators,⩑ U+2A51,,⩑
operators,⩒ U+2A52,,⩒
operators,⩓ U+2A53,,⩓
operators,⩔ U+2A54,,⩔
operators,⩕ U+2A55,,⩕
operators,⩖ U+2A56,,⩖
operators,⩗ U+2A57,,⩗
operators,⩘ U+2A58,,⩘
operators,⩙ U+2A59,,⩙
operators,⩚ U+2A5A,,⩚
operators,⩛ U+2A5B,,⩛
operators,⩜ U+2A5C,,⩜
operators,⩝ U+2A5D,,⩝
operators,⩞ U+2A5E,doublebarwedge,\doublebarwedge
operators,⩟ U+2A5F,,⩟
operators,⩠ U+2A60,,⩠
operators,⩡ U+2A61,,⩡
operators,⩢ U+2A62,,⩢
operators,⩣ U+2A63,,⩣
operators,⩤ U+2A64,,⩤
operators,⩥ U+2A65,,⩥
operators,⩦ U+2A66,,⩦
operators,⩧ U+2A67,,⩧
operators,⩨ U+2A68,,⩨
operators,⩩ U+2A69,,⩩
operators,⩪ U+2A6A,,⩪
operators,⩫ U+2A6B,,⩫
operators,⩬ U+2A6C,,⩬
operators,⩭ U+2A6D,,⩭
operators,⩮ U+2A6E,,⩮
operators,⩯ U+2A6F,,⩯
operators,⩰ U+2A70,,⩰
operators,⩱ U+2A71,,⩱
operators,⩲ U+2A72,,⩲
operators,⩳ U+2A73,,⩳
operators,⩴ U+2A74,,⩴
operators,⩵ U+2A75,,⩵
operators,⩶ U+2A76,,⩶
operators,⩷ U+2A77,,⩷
operators,⩸ U+2A78,,⩸
operators,⩹ U+2A79,,⩹
operators,⩺ U+2A7A,,⩺
operators,⩻ U+2A7B,,⩻
operators,⩼ U+2A7C,,⩼
relations,⩽ U+2A7D,leqslant,\leqslant
relations,⩾ U+2A7E,geqslant,\geqslant
operators,⩿ U+2A7F,,⩿
operators,⪀ U+2A80,,⪀
operators,⪁ U+2A81,,⪁
operators,⪂ U+2A82,,⪂
operators,⪃ U+2A83,,⪃
operators,⪄ U+2A84,,⪄
relations,⪅ U+2A85,lessapprox,\lessapprox
relations,⪆ U+2A86,gtrapprox,\gtrapprox
relations,⪇ U+2A87,nleqslant lneq,\nleqslant
relations,⪈ U+2A88,ngeqslant gneq,\ngeqslant
relations,⪉ U+2A89,lnapprox,\lnapprox
relations,⪊ U+2A8A,gnapprox,\gnapprox
relations,⪋ U+2A8B,lesseqqgtr,\lesseqqgtr
relations,⪌ U+2A8C,gtreqqless,\gtreqqless
operators,⪍ U+2A8D,,⪍
operators,⪎ U+2A8E,,⪎
operators,⪏ U+2A8F,,⪏
operators,⪐ U+2A90,,⪐
operators,⪑ U+2A91,,⪑
operators,⪒ U+2A92,,⪒
operators,⪓ U+2A93,,⪓
operators,⪔ U+2A94,,⪔
relations,⪕ U+2A95,eqslantless,\eqslantless
operators,⪖ U+2A96,eqslantgtr,\eqslantgtr
operators,⪗ U+2A97,,⪗
operators,⪘ U+2A98,,⪘
operators,⪙ U+2A99,,⪙
operators,⪚ U+2A9A,,⪚
operators,⪛ U+2A9B,,⪛
operators,⪜ U+2A9C,,⪜
operators,⪝ U+2A9D,,⪝
operators,⪞ U+2A9E,,⪞
operators,⪟ U+2A9F,,⪟
operators,⪠ U+2AA0,,⪠
operators,⪡ U+2AA1,,⪡
operators,⪢ U+2AA2,,⪢
operators,⪣ U+2AA3,,⪣
operators,⪤ U+2AA4,,⪤
operators,⪥ U+2AA5,,⪥
operators,⪦ U+2AA6,,⪦
operators,⪧ U+2AA7,,⪧
operators,⪨ U+2AA8,,⪨
operators,⪩ U+2AA9,,⪩
operators,⪪ U+2AAA,,⪪
operators,⪫ U+2AAB,,⪫
operators,⪬ U+2AAC,,⪬
operators,⪭ U+2AAD,,⪭
operators,⪮ U+2AAE,,⪮
relations,⪯ U+2AAF,preceq,\preceq
relations,⪰ U+2AB0,succeq,\succeq
operators,⪱ U+2AB1,,⪱
operators,⪲ U+2AB2,,⪲
operators,⪳ U+2AB3,,⪳
operators,⪴ U+2AB4,,⪴
relations,⪵ U+2AB5,precneqq,\precneqq
relations,⪶ U+2AB6,succneqq,\succneqq
relations,⪷ U+2AB7,precapprox,\precapprox
relations,⪸ U+2AB8,succapprox,\succapprox
relations,⪹ U+2AB9,precnapprox,\precnapprox
relations,⪺ U+2ABA,succnapprox,\succnapprox
operators,⪻ U+2ABB,,⪻
operators,⪼ U+2ABC,,⪼
operators,⪽ U+2ABD,,⪽
operators,⪾ U+2ABE,,⪾
operators,⪿ U+2ABF,,⪿
operators,⫀ U+2AC0,,⫀
operators,⫁ U+2AC1,,⫁
operators,⫂ U+2AC2,,⫂
operators,⫃ U+2AC3,,⫃
operators,⫄ U+2AC4,,⫄
relations,⫅ U+2AC5,subseteqq,\subseteqq
relations,⫆ U+2AC6,supseteqq,\supseteqq
operators,⫇ U+2AC7,,⫇
operators,⫈ U+2AC8,,⫈
operators,⫉ U+2AC9,,⫉
operators,⫊ U+2ACA,,⫊
relations,⫋ U+2ACB,subsetneqq varsubsetneqq,\subsetneqq
relations,⫌ U+2ACC,supsetneqq varsupsetneqq,\supsetneqq
operators,⫍ U+2ACD,,⫍
operators,⫎ U+2ACE,,⫎
operators,⫏ U+2ACF,,⫏
operators,⫐ U+2AD0,,⫐
operators,⫑ U+2AD1,,⫑
operators,⫒ U+2AD2,,⫒
operators,⫓ U+2AD3,,⫓
operators,⫔ U+2AD4,,⫔
operators,⫕ U+2AD5,,⫕
operators,⫖ U+2AD6,,⫖
operators,⫗ U+2AD7,,⫗
operators,⫘ U+2AD8,,⫘
operators,⫙ U+2AD9,,⫙
operators,⫚ U+2ADA,,⫚
operators,⫛ U+2ADB,,⫛
operators,⫝̸ U+2ADC,,⫝̸
operators,⫝ U+2ADD,,⫝
operators,⫞ U+2ADE,,⫞
operators,⫟ U+2ADF,,⫟
operators,⫠ U+2AE0,,⫠
operators,⫡ U+2AE1,,⫡
operators,⫢ U+2AE2,,⫢
operators,⫣ U+2AE3,,⫣
operators,⫤ U+2AE4,,⫤
operators,⫥ U+2AE5,,⫥
operators,⫦ U+2AE6,,⫦
operators,⫧ U+2AE7,,⫧
operators,⫨ U+2AE8,,⫨
operators,⫩ U+2AE9,,⫩
operators,⫪ U+2AEA,,⫪
operators,⫫ U+2AEB,,⫫
operators,⫬ U+2AEC,,⫬
operators,⫭ U+2AED,,⫭
operators,⫮ U+2AEE,,⫮
operators,⫯ U+2AEF,,⫯
operators,⫰ U+2AF0,,⫰
operators,⫱ U+2AF1,,⫱
operators,⫲ U+2AF2,,⫲
operators,⫳ U+2AF3,,⫳
operators,⫴ U+2AF4,,⫴
operators,⫵ U+2AF5,,⫵
operators,⫶ U+2AF6,,⫶
operators,⫷ U+2AF7,,⫷
operators,⫸ U+2AF8,,⫸
operators,⫹ U+2AF9,,⫹
operators,⫺ U+2AFA,,⫺
operators,⫻ U+2AFB,,⫻
operators,⫼ U+2AFC,,⫼
operators,⫽ U+2AFD,,⫽
operators,⫾ U+2AFE,,⫾
operators,⫿ U+2AFF,,⫿
operators,⬰ U+2B30,,⬰
operators,⬱ U+2B31,,⬱
operators,⬲ U+2B32,,⬲
operators,⬳ U+2B33,,⬳
operators,⬴ U+2B34,,⬴
operators,⬵ U+2B35,,⬵
operators,⬶ U+2B36,,⬶
operators,⬷ U+2B37,,⬷
operators,⬸ U+2B38,,⬸
operators,⬹ U+2B39,,⬹
operators,⬺ U+2B3A,,⬺
operators,⬻ U+2B3B,,⬻
operators,⬼ U+2B3C,,⬼
operators,⬽ U+2B3D,,⬽
operators,⬾ U+2B3E,,⬾
operators,⬿ U+2B3F,,⬿
operators,⭀ U+2B40,,⭀
operators,⭁ U+2B41,,⭁
operators,⭂ U+2B42,,⭂
operators,⭃ U+2B43,,⭃
operators,⭄ U+2B44,,⭄
operators,⭇ U+2B47,,⭇
operators,⭈ U+2B48,,⭈
operators,⭉ U+2B49,,⭉
operators,⭊ U+2B4A,,⭊
operators,⭋ U+2B4B,,⭋
operators,⭌ U+2B4C,,⭌
operators,﬩ U+FB29,,﬩
operators,﹡ U+FE61,,﹡
operators,﹢ U+FE62,,﹢
operators,﹣ U+FE63,,﹣
operators,﹤ U+FE64,,﹤
operators,﹥ U+FE65,,﹥
operators,﹦ U+FE66,,﹦
operators,﹨ U+FE68,,﹨
operators,＋ U+FF0B,,＋
operators,＜ U+FF1C,,＜
operators,＝ U+FF1D,,＝
operators,＞ U+FF1E,,＞
operators,＼ U+FF3C,,＼
operators,＾ U+FF3E,,＾
operators,｜ U+FF5C,,｜
operators,～ U+FF5E,,～
operators,￢ U+FFE2,,￢
operators,￩ U+FFE9,,￩
operators,￪ U+FFEA,,￪
operators,￫ U+FFEB,,￫
operators,￬ U+FFEC,,￬
operators,𐶎 U+10D8E,,𐶎
operators,𐶏 U+10D8F,,𐶏
letters,𝐀 U+1D400,,𝐀
letters,𝐁 U+1D401,,𝐁
letters,𝐂 U+1D402,,𝐂
letters,𝐃 U+1D403,,𝐃
letters,𝐄 U+1D404,,𝐄
letters,𝐅 U+1D405,,𝐅
letters,𝐆 U+1D406,,𝐆
letters,𝐇 U+1D407,,𝐇
letters,𝐈 U+1D408,,𝐈
letters,𝐉 U+1D409,,𝐉
letters,𝐊 U+1D40A,,𝐊
letters,𝐋 U+1D40B,,𝐋
letters,𝐌 U+1D40C,,𝐌
letters,𝐍 U+1D40D,,𝐍
letters,𝐎 U+1D40E,,𝐎
letters,𝐏 U+1D40F,,𝐏
letters,𝐐 U+1D410,,𝐐
letters,𝐑 U+1D411,,𝐑
letters,𝐒 U+1D412,,𝐒
letters,𝐓 U+1D413,,𝐓
letters,𝐔 U+1D414,,𝐔
letters,𝐕 U+1D415,,𝐕
letters,𝐖 U+1D416,,𝐖
letters,𝐗 U+1D417,,𝐗
letters,𝐘 U+1D418,,𝐘
letters,𝐙 U+1D419,,𝐙
letters,𝐚 U+1D41A,,𝐚
letters,𝐛 U+1D41B,,𝐛
letters,𝐜 U+1D41C,,𝐜
letters,𝐝 U+1D41D,,𝐝
letters,𝐞 U+1D41E,,𝐞
letters,𝐟 U+1D41F,,𝐟
letters,𝐠 U+1D420,,𝐠
letters,𝐡 U+1D421,,𝐡
letters,𝐢 U+1D422,,𝐢
letters,𝐣 U+1D423,,𝐣
letters,𝐤 U+1D424,,𝐤
letters,𝐥 U+1D425,,𝐥
letters,𝐦 U+1D426,,𝐦
letters,𝐧 U+1D427,,𝐧
letters,𝐨 U+1D428,,𝐨
letters,𝐩 U+1D429,,𝐩
letters,𝐪 U+1D42A,,𝐪
letters,𝐫 U+1D42B,,𝐫
letters,𝐬 U+1D42C,,𝐬
letters,𝐭 U+1D42D,,𝐭
letters,𝐮 U+1D42E,,𝐮
letters,𝐯 U+1D42F,,𝐯
letters,𝐰 U+1D430,,𝐰
letters,𝐱 U+1D431,,𝐱
letters,𝐲 U+1D432,,𝐲
letters,𝐳 U+1D433,,𝐳
letters,𝐴 U+1D434,,𝐴
letters,𝐵 U+1D435,,𝐵
letters,𝐶 U+1D436,,𝐶
letters,𝐷 U+1D437,,𝐷
letters,𝐸 U+1D438,,𝐸
letters,𝐹 U+1D439,,𝐹
letters,𝐺 U+1D43A,,𝐺
letters,𝐻 U+1D43B,,𝐻
letters,𝐼 U+1D43C,,𝐼
letters,𝐽 U+1D43D,,𝐽
letters,𝐾 U+1D43E,,𝐾
letters,𝐿 U+1D43F,,𝐿
letters,𝑀 U+1D440,,𝑀
letters,𝑁 U+1D441,,𝑁
letters,𝑂 U+1D442,,𝑂
letters,𝑃 U+1D443,,𝑃
letters,𝑄 U+1D444,,𝑄
letters,𝑅 U+1D445,,𝑅
letters,𝑆 U+1D446,,𝑆
letters,𝑇 U+1D447,,𝑇
letters,𝑈 U+1D448,,𝑈
letters,𝑉 U+1D449,,𝑉
letters,𝑊 U+1D44A,,𝑊
letters,𝑋 U+1D44B,,𝑋
letters,𝑌 U+1D44C,,𝑌
letters,𝑍 U+1D44D,,𝑍
letters,𝑎 U+1D44E,,𝑎
letters,𝑏 U+1D44F,,𝑏
letters,𝑐 U+1D450,,𝑐
letters,𝑑 U+1D451,,𝑑
letters,𝑒 U+1D452,,𝑒
letters,𝑓 U+1D453,,𝑓
letters,𝑔 U+1D454,,𝑔
letters,𝑖 U+1D456,,𝑖
letters,𝑗 U+1D457,,𝑗
letters,𝑘 U+1D458,,𝑘
letters,𝑙 U+1D459,,𝑙
letters,𝑚 U+1D45A,,𝑚
letters,𝑛 U+1D45B,,𝑛
letters,𝑜 U+1D45C,,𝑜
letters,𝑝 U+1D45D,,𝑝
letters,𝑞 U+1D45E,,𝑞
letters,𝑟 U+1D45F,,𝑟
letters,𝑠 U+1D460,,𝑠
letters,𝑡 U+1D461,,𝑡
letters,𝑢 U+1D462,,𝑢
letters,𝑣 U+1D463,,𝑣
letters,𝑤 U+1D464,,𝑤
letters,𝑥 U+1D465,,𝑥
letters,𝑦 U+1D466,,𝑦
letters,𝑧 U+1D467,,𝑧
letters,𝑨 U+1D468,,𝑨
letters,𝑩 U+1D469,,𝑩
letters,𝑪 U+1D46A,,𝑪
letters,𝑫 U+1D46B,,𝑫
letters,𝑬 U+1D46C,,𝑬
letters,𝑭 U+1D46D,,𝑭
letters,𝑮 U+1D46E,,𝑮
letters,𝑯 U+1D46F,,𝑯
letters,𝑰 U+1D470,,𝑰
letters,𝑱 U+1D471,,𝑱
letters,𝑲 U+1D472,,𝑲
letters,𝑳 U+1D473,,𝑳
letters,𝑴 U+1D474,,𝑴
letters,𝑵 U+1D475,,𝑵
letters,𝑶 U+1D476,,𝑶
letters,𝑷 U+1D477,,𝑷
letters,𝑸 U+1D478,,𝑸
letters,𝑹 U+1D479,,𝑹
letters,𝑺 U+1D47A,,𝑺
letters,𝑻 U+1D47B,,𝑻
letters,𝑼 U+1D47C,,𝑼
letters,𝑽 U+1D47D,,𝑽
letters,𝑾 U+1D47E,,𝑾
letters,𝑿 U+1D47F,,𝑿
letters,𝒀 U+1D480,,𝒀
letters,𝒁 U+1D481,,𝒁
letters,𝒂 U+1D482,,𝒂
letters,𝒃 U+1D483,,𝒃
letters,𝒄 U+1D484,,𝒄
letters,𝒅 U+1D485,,𝒅
letters,𝒆 U+1D486,,𝒆
letters,𝒇 U+1D487,,𝒇
letters,𝒈 U+1D488,,𝒈
letters,𝒉 U+1D489,,𝒉
letters,𝒊 U+1D48A,,𝒊
letters,𝒋 U+1D48B,,𝒋
letters,𝒌 U+1D48C,,𝒌
letters,𝒍 U+1D48D,,𝒍
letters,𝒎 U+1D48E,,𝒎
letters,𝒏 U+1D48F,,𝒏
letters,𝒐 U+1D490,,𝒐
letters,𝒑 U+1D491,,𝒑
letters,𝒒 U+1D492,,𝒒
letters,𝒓 U+1D493,,𝒓
letters,𝒔 U+1D494,,𝒔
letters,𝒕 U+1D495,,𝒕
letters,𝒖 U+1D496,,𝒖
letters,𝒗 U+1D497,,𝒗
letters,𝒘 U+1D498,,𝒘
letters,𝒙 U+1D499,,𝒙
letters,𝒚 U+1D49A,,𝒚
letters,𝒛 U+1D49B,,𝒛
letters,𝒜 U+1D49C,,𝒜
letters,𝒞 U+1D49E,,𝒞
letters,𝒟 U+1D49F,,𝒟
letters,𝒢 U+1D4A2,,𝒢
letters,𝒥 U+1D4A5,,𝒥
letters,𝒦 U+1D4A6,,𝒦
letters,𝒩 U+1D4A9,,𝒩
letters,𝒪 U+1D4AA,,𝒪
letters,𝒫 U+1D4AB,,𝒫
letters,𝒬 U+1D4AC,,𝒬
letters,𝒮 U+1D4AE,,𝒮
letters,𝒯 U+1D4AF,,𝒯
letters,𝒰 U+1D4B0,,𝒰
letters,𝒱 U+1D4B1,,𝒱
letters,𝒲 U+1D4B2,,𝒲
letters,𝒳 U+1D4B3,,𝒳
letters,𝒴 U+1D4B4,,𝒴
letters,𝒵 U+1D4B5,,𝒵
letters,𝒶 U+1D4B6,,𝒶
letters,𝒷 U+1D4B7,,𝒷
letters,𝒸 U+1D4B8,,𝒸
letters,𝒹 U+1D4B9,,𝒹
letters,𝒻 U+1D4BB,,𝒻
letters,𝒽 U+1D4BD,,𝒽
letters,𝒾 U+1D4BE,,𝒾
letters,𝒿 U+1D4BF,,𝒿
letters,𝓀 U+1D4C0,,𝓀
letters,𝓁 U+1D4C1,,𝓁
letters,𝓂 U+1D4C2,,𝓂
letters,𝓃 U+1D4C3,,𝓃
letters,𝓅 U+1D4C5,,𝓅
letters,𝓆 U+1D4C6,,𝓆
letters,𝓇 U+1D4C7,,𝓇
letters,𝓈 U+1D4C8,,𝓈
letters,𝓉 U+1D4C9,,𝓉
letters,𝓊 U+1D4CA,,𝓊
letters,𝓋 U+1D4CB,,𝓋
letters,𝓌 U+1D4CC,,𝓌
letters,𝓍 U+1D4CD,,𝓍
letters,𝓎 U+1D4CE,,𝓎
letters,𝓏 U+1D4CF,,𝓏
letters,𝓐 U+1D4D0,,𝓐
letters,𝓑 U+1D4D1,,𝓑
letters,𝓒 U+1D4D2,,𝓒
letters,𝓓 U+1D4D3,,𝓓
letters,𝓔 U+1D4D4,,𝓔
letters,𝓕 U+1D4D5,,𝓕
letters,𝓖 U+1D4D6,,𝓖
letters,𝓗 U+1D4D7,,𝓗
letters,𝓘 U+1D4D8,,𝓘
letters,𝓙 U+1D4D9,,𝓙
letters,𝓚 U+1D4DA,,𝓚
letters,𝓛 U+1D4DB,,𝓛
letters,𝓜 U+1D4DC,,𝓜
letters,𝓝 U+1D4DD,,𝓝
letters,𝓞 U+1D4DE,,𝓞
letters,𝓟 U+1D4DF,,𝓟
letters,𝓠 U+1D4E0,,𝓠
letters,𝓡 U+1D4E1,,𝓡
letters,𝓢 U+1D4E2,,𝓢
letters,𝓣 U+1D4E3,,𝓣
letters,𝓤 U+1D4E4,,𝓤
letters,𝓥 U+1D4E5,,𝓥
letters,𝓦 U+1D4E6,,𝓦
letters,𝓧 U+1D4E7,,𝓧
letters,𝓨 U+1D4E8,,𝓨
letters,𝓩 U+1D4E9,,𝓩
letters,𝓪 U+1D4EA,,𝓪
letters,𝓫 U+1D4EB,,𝓫
letters,𝓬 U+1D4EC,,𝓬
letters,𝓭 U+1D4ED,,𝓭
letters,𝓮 U+1D4EE,,𝓮
letters,𝓯 U+1D4EF,,𝓯
letters,𝓰 U+1D4F0,,𝓰
letters,𝓱 U+1D4F1,,𝓱
letters,𝓲 U+1D4F2,,𝓲
letters,𝓳 U+1D4F3,,𝓳
letters,𝓴 U+1D4F4,,𝓴
letters,𝓵 U+1D4F5,,𝓵
letters,𝓶 U+1D4F6,,𝓶
letters,𝓷 U+1D4F7,,𝓷
letters,𝓸 U+1D4F8,,𝓸
letters,𝓹 U+1D4F9,,𝓹
letters,𝓺 U+1D4FA,,𝓺
letters,𝓻 U+1D4FB,,𝓻
letters,𝓼 U+1D4FC,,𝓼
letters,𝓽 U+1D4FD,,𝓽
letters,𝓾 U+1D4FE,,𝓾
letters,𝓿 U+1D4FF,,𝓿
letters,𝔀 U+1D500,,𝔀
letters,𝔁 U+1D501,,𝔁
letters,𝔂 U+1D502,,𝔂
letters,𝔃 U+1D503,,𝔃
letters,𝔄 U+1D504,,𝔄
letters,𝔅 U+1D505,,𝔅
letters,𝔇 U+1D507,,𝔇
letters,𝔈 U+1D508,,𝔈
letters,𝔉 U+1D509,,𝔉
letters,𝔊 U+1D50A,,𝔊
letters,𝔍 U+1D50D,,𝔍
letters,𝔎 U+1D50E,,𝔎
letters,𝔏 U+1D50F,,𝔏
letters,𝔐 U+1D510,,𝔐
letters,𝔑 U+1D511,,𝔑
letters,𝔒 U+1D512,,𝔒
letters,𝔓 U+1D513,,𝔓
letters,𝔔 U+1D514,,𝔔
letters,𝔖 U+1D516,,𝔖
letters,𝔗 U+1D517,,𝔗
letters,𝔘 U+1D518,,𝔘
letters,𝔙 U+1D519,,𝔙
letters,𝔚 U+1D51A,,𝔚
letters,𝔛 U+1D51B,,𝔛
letters,𝔜 U+1D51C,,𝔜
letters,𝔞 U+1D51E,,𝔞
letters,𝔟 U+1D51F,,𝔟
letters,𝔠 U+1D520,,𝔠
letters,𝔡 U+1D521,,𝔡
letters,𝔢 U+1D522,,𝔢
letters,𝔣 U+1D523,,𝔣
letters,𝔤 U+1D524,,𝔤
letters,𝔥 U+1D525,,𝔥
letters,𝔦 U+1D526,,𝔦
letters,𝔧 U+1D527,,𝔧
letters,𝔨 U+1D528,,𝔨
letters,𝔩 U+1D529,,𝔩
letters,𝔪 U+1D52A,,𝔪
letters,𝔫 U+1D52B,,𝔫
letters,𝔬 U+1D52C,,𝔬
letters,𝔭 U+1D52D,,𝔭
letters,𝔮 U+1D52E,,𝔮
letters,𝔯 U+1D52F,,𝔯
letters,𝔰 U+1D530,,𝔰
letters,𝔱 U+1D531,,𝔱
letters,𝔲 U+1D532,,𝔲
letters,𝔳 U+1D533,,𝔳
letters,𝔴 U+1D534,,𝔴
letters,𝔵 U+1D535,,𝔵
letters,𝔶 U+1D536,,𝔶
letters,𝔷 U+1D537,,𝔷
letters,𝔸 U+1D538,,𝔸
letters,𝔹 U+1D539,,𝔹
letters,𝔻 U+1D53B,,𝔻
letters,𝔼 U+1D53C,,𝔼
letters,𝔽 U+1D53D,,𝔽
letters,𝔾 U+1D53E,,𝔾
letters,𝕀 U+1D540,,𝕀
letters,𝕁 U+1D541,,𝕁
letters,𝕂 U+1D542,,𝕂
letters,𝕃 U+1D543,,𝕃
letters,𝕄 U+1D544,,𝕄
letters,𝕆 U+1D546,,𝕆
letters,𝕊 U+1D54A,,𝕊
letters,𝕋 U+1D54B,,𝕋
letters,𝕌 U+1D54C,,𝕌
letters,𝕍 U+1D54D,,𝕍
letters,𝕎 U+1D54E,,𝕎
letters,𝕏 U+1D54F,,𝕏
letters,𝕐 U+1D550,,𝕐
letters,𝕒 U+1D552,,𝕒
letters,𝕓 U+1D553,,𝕓
letters,𝕔 U+1D554,,𝕔
letters,𝕕 U+1D555,,𝕕
letters,𝕖 U+1D556,,𝕖
letters,𝕗 U+1D557,,𝕗
letters,𝕘 U+1D558,,𝕘
letters,𝕙 U+1D559,,𝕙
letters,𝕚 U+1D55A,,𝕚
letters,𝕛 U+1D55B,,𝕛
letters,𝕜 U+1D55C,,𝕜
letters,𝕝 U+1D55D,,𝕝
letters,𝕞 U+1D55E,,𝕞
letters,𝕟 U+1D55F,,𝕟
letters,𝕠 U+1D560,,𝕠
letters,𝕡 U+1D561,,𝕡
letters,𝕢 U+1D562,,𝕢
letters,𝕣 U+1D563,,𝕣
letters,𝕤 U+1D564,,𝕤
letters,𝕥 U+1D565,,𝕥
letters,𝕦 U+1D566,,𝕦
letters,𝕧 U+1D567,,𝕧
letters,𝕨 U+1D568,,𝕨
letters,𝕩 U+1D569,,𝕩
letters,𝕪 U+1D56A,,𝕪
letters,𝕫 U+1D56B,,𝕫
letters,𝕬 U+1D56C,,𝕬
letters,𝕭 U+1D56D,,𝕭
letters,𝕮 U+1D56E,,𝕮
letters,𝕯 U+1D56F,,𝕯
letters,𝕰 U+1D570,,𝕰
letters,𝕱 U+1D571,,𝕱
letters,𝕲 U+1D572,,𝕲
letters,𝕳 U+1D573,,𝕳
letters,𝕴 U+1D574,,𝕴
letters,𝕵 U+1D575,,𝕵
letters,𝕶 U+1D576,,𝕶
letters,𝕷 U+1D577,,𝕷
letters,𝕸 U+1D578,,𝕸
letters,𝕹 U+1D579,,𝕹
letters,𝕺 U+1D57A,,𝕺
letters,𝕻 U+1D57B,,𝕻
letters,𝕼 U+1D57C,,𝕼
letters,𝕽 U+1D57D,,𝕽
letters,𝕾 U+1D57E,,𝕾
letters,𝕿 U+1D57F,,𝕿
letters,𝖀 U+1D580,,𝖀
letters,𝖁 U+1D581,,𝖁
letters,𝖂 U+1D582,,𝖂
letters,𝖃 U+1D583,,𝖃
letters,𝖄 U+1D584,,𝖄
letters,𝖅 U+1D585,,𝖅
letters,𝖆 U+1D586,,𝖆
letters,𝖇 U+1D587,,𝖇
letters,𝖈 U+1D588,,𝖈
letters,𝖉 U+1D589,,𝖉
letters,𝖊 U+1D58A,,𝖊
letters,𝖋 U+1D58B,,𝖋
letters,𝖌 U+1D58C,,𝖌
letters,𝖍 U+1D58D,,𝖍
letters,𝖎 U+1D58E,,𝖎
letters,𝖏 U+1D58F,,𝖏
letters,𝖐 U+1D590,,𝖐
letters,𝖑 U+1D591,,𝖑
letters,𝖒 U+1D592,,𝖒
letters,𝖓 U+1D593,,𝖓
letters,𝖔 U+1D594,,𝖔
letters,𝖕 U+1D595,,𝖕
letters,𝖖 U+1D596,,𝖖
letters,𝖗 U+1D597,,𝖗
letters,𝖘 U+1D598,,𝖘
letters,𝖙 U+1D599,,𝖙
letters,𝖚 U+1D59A,,𝖚
letters,𝖛 U+1D59B,,𝖛
letters,𝖜 U+1D59C,,𝖜
letters,𝖝 U+1D59D,,𝖝
letters,𝖞 U+1D59E,,𝖞
letters,𝖟 U+1D59F,,𝖟
letters,𝖠 U+1D5A0,,𝖠
letters,𝖡 U+1D5A1,,𝖡
letters,𝖢 U+1D5A2,,𝖢
letters,𝖣 U+1D5A3,,𝖣
letters,𝖤 U+1D5A4,,𝖤
letters,𝖥 U+1D5A5,,𝖥
letters,𝖦 U+1D5A6,,𝖦
letters,𝖧 U+1D5A7,,𝖧
letters,𝖨 U+1D5A8,,𝖨
letters,𝖩 U+1D5A9,,𝖩
letters,𝖪 U+1D5AA,,𝖪
letters,𝖫 U+1D5AB,,𝖫
letters,𝖬 U+1D5AC,,𝖬
letters,𝖭 U+1D5AD,,𝖭
letters,𝖮 U+1D5AE,,𝖮
letters,𝖯 U+1D5AF,,𝖯
letters,𝖰 U+1D5B0,,𝖰
letters,𝖱 U+1D5B1,,𝖱
letters,𝖲 U+1D5B2,,𝖲
letters,𝖳 U+1D5B3,,𝖳
letters,𝖴 U+1D5B4,,𝖴
letters,𝖵 U+1D5B5,,𝖵
letters,𝖶 U+1D5B6,,𝖶
letters,𝖷 U+1D5B7,,𝖷
letters,𝖸 U+1D5B8,,𝖸
letters,𝖹 U+1D5B9,,𝖹
letters,𝖺 U+1D5BA,,𝖺
letters,𝖻 U+1D5BB,,𝖻
letters,𝖼 U+1D5BC,,𝖼
letters,𝖽 U+1D5BD,,𝖽
letters,𝖾 U+1D5BE,,𝖾
letters,𝖿 U+1D5BF,,𝖿
letters,𝗀 U+1D5C0,,𝗀
letters,𝗁 U+1D5C1,,𝗁
letters,𝗂 U+1D5C2,,𝗂
letters,𝗃 U+1D5C3,,𝗃
letters,𝗄 U+1D5C4,,𝗄
letters,𝗅 U+1D5C5,,𝗅
letters,𝗆 U+1D5C6,,𝗆
letters,𝗇 U+1D5C7,,𝗇
letters,𝗈 U+1D5C8,,𝗈
letters,𝗉 U+1D5C9,,𝗉
letters,𝗊 U+1D5CA,,𝗊
letters,𝗋 U+1D5CB,,𝗋
letters,𝗌 U+1D5CC,,𝗌
letters,𝗍 U+1D5CD,,𝗍
letters,𝗎 U+1D5CE,,𝗎
letters,𝗏 U+1D5CF,,𝗏
letters,𝗐 U+1D5D0,,𝗐
letters,𝗑 U+1D5D1,,𝗑
letters,𝗒 U+1D5D2,,𝗒
letters,𝗓 U+1D5D3,,𝗓
letters,𝗔 U+1D5D4,,𝗔
letters,𝗕 U+1D5D5,,𝗕
letters,𝗖 U+1D5D6,,𝗖
letters,𝗗 U+1D5D7,,𝗗
letters,𝗘 U+1D5D8,,𝗘
letters,𝗙 U+1D5D9,,𝗙
letters,𝗚 U+1D5DA,,𝗚
letters,𝗛 U+1D5DB,,𝗛
letters,𝗜 U+1D5DC,,𝗜
letters,𝗝 U+1D5DD,,𝗝
letters,𝗞 U+1D5DE,,𝗞
letters,𝗟 U+1D5DF,,𝗟
letters,𝗠 U+1D5E0,,𝗠
letters,𝗡 U+1D5E1,,𝗡
letters,𝗢 U+1D5E2,,𝗢
letters,𝗣 U+1D5E3,,𝗣
letters,𝗤 U+1D5E4,,𝗤
letters,𝗥 U+1D5E5,,𝗥
letters,𝗦 U+1D5E6,,𝗦
letters,𝗧 U+1D5E7,,𝗧
letters,𝗨 U+1D5E8,,𝗨
letters,𝗩 U+1D5E9,,𝗩
letters,𝗪 U+1D5EA,,𝗪
letters,𝗫 U+1D5EB,,𝗫
letters,𝗬 U+1D5EC,,𝗬
letters,𝗭 U+1D5ED,,𝗭
letters,𝗮 U+1D5EE,,𝗮
letters,𝗯 U+1D5EF,,𝗯
letters,𝗰 U+1D5F0,,𝗰
letters,𝗱 U+1D5F1,,𝗱
letters,𝗲 U+1D5F2,,𝗲
letters,𝗳 U+1D5F3,,𝗳
letters,𝗴 U+1D5F4,,𝗴
letters,𝗵 U+1D5F5,,𝗵
letters,𝗶 U+1D5F6,,𝗶
letters,𝗷 U+1D5F7,,𝗷
letters,𝗸 U+1D5F8,,𝗸
letters,𝗹 U+1D5F9,,𝗹
letters,𝗺 U+1D5FA,,𝗺
letters,𝗻 U+1D5FB,,𝗻
letters,𝗼 U+1D5FC,,𝗼
letters,𝗽 U+1D5FD,,𝗽
letters,𝗾 U+1D5FE,,𝗾
letters,𝗿 U+1D5FF,,𝗿
letters,𝘀 U+1D600,,𝘀
letters,𝘁 U+1D601,,𝘁
letters,𝘂 U+1D602,,𝘂
letters,𝘃 U+1D603,,𝘃
letters,𝘄 U+1D604,,𝘄
letters,𝘅 U+1D605,,𝘅
letters,𝘆 U+1D606,,𝘆
letters,𝘇 U+1D607,,𝘇
letters,𝘈 U+1D608,,𝘈
letters,𝘉 U+1D609,,𝘉
letters,𝘊 U+1D60A,,𝘊
letters,𝘋 U+1D60B,,𝘋
letters,𝘌 U+1D60C,,𝘌
letters,𝘍 U+1D60D,,𝘍
letters,𝘎 U+1D60E,,𝘎
letters,𝘏 U+1D60F,,𝘏
letters,𝘐 U+1D610,,𝘐
letters,𝘑 U+1D611,,𝘑
letters,𝘒 U+1D612,,𝘒
letters,𝘓 U+1D613,,𝘓
letters,𝘔 U+1D614,,𝘔
letters,𝘕 U+1D615,,𝘕
letters,𝘖 U+1D616,,𝘖
letters,𝘗 U+1D617,,𝘗
letters,𝘘 U+1D618,,𝘘
letters,𝘙 U+1D619,,𝘙
letters,𝘚 U+1D61A,,𝘚
letters,𝘛 U+1D61B,,𝘛
letters,𝘜 U+1D61C,,𝘜
letters,𝘝 U+1D61D,,𝘝
letters,𝘞 U+1D61E,,𝘞
letters,𝘟 U+1D61F,,𝘟
letters,𝘠 U+1D620,,𝘠
letters,𝘡 U+1D621,,𝘡
letters,𝘢 U+1D622,,𝘢
letters,𝘣 U+1D623,,𝘣
letters,𝘤 U+1D624,,𝘤
letters,𝘥 U+1D625,,𝘥
letters,𝘦 U+1D626,,𝘦
letters,𝘧 U+1D627,,𝘧
letters,𝘨 U+1D628,,𝘨
letters,𝘩 U+1D629,,𝘩
letters,𝘪 U+1D62A,,𝘪
letters,𝘫 U+1D62B,,𝘫
letters,𝘬 U+1D62C,,𝘬
letters,𝘭 U+1D62D,,𝘭
letters,𝘮 U+1D62E,,𝘮
letters,𝘯 U+1D62F,,𝘯
letters,𝘰 U+1D630,,𝘰
letters,𝘱 U+1D631,,𝘱
letters,𝘲 U+1D632,,𝘲
letters,𝘳 U+1D633,,𝘳
letters,𝘴 U+1D634,,𝘴
letters,𝘵 U+1D635,,𝘵
letters,𝘶 U+1D636,,𝘶
letters,𝘷 U+1D637,,𝘷
letters,𝘸 U+1D638,,𝘸
letters,𝘹 U+1D639,,𝘹
letters,𝘺 U+1D63A,,𝘺
letters,𝘻 U+1D63B,,𝘻
letters,𝘼 U+1D63C,,𝘼
letters,𝘽 U+1D63D,,𝘽
letters,𝘾 U+1D63E,,𝘾
letters,𝘿 U+1D63F,,𝘿
letters,𝙀 U+1D640,,𝙀
letters,𝙁 U+1D641,,𝙁
letters,𝙂 U+1D642,,𝙂
letters,𝙃 U+1D643,,𝙃
letters,𝙄 U+1D644,,𝙄
letters,𝙅 U+1D645,,𝙅
letters,𝙆 U+1D646,,𝙆
letters,𝙇 U+1D647,,𝙇
letters,𝙈 U+1D648,,𝙈
letters,𝙉 U+1D649,,𝙉
letters,𝙊 U+1D64A,,𝙊
letters,𝙋 U+1D64B,,𝙋
letters,𝙌 U+1D64C,,𝙌
letters,𝙍 U+1D64D,,𝙍
letters,𝙎 U+1D64E,,𝙎
letters,𝙏 U+1D64F,,𝙏
letters,𝙐 U+1D650,,𝙐
letters,𝙑 U+1D651,,𝙑
letters,𝙒 U+1D652,,𝙒
letters,𝙓 U+1D653,,𝙓
letters,𝙔 U+1D654,,𝙔
letters,𝙕 U+1D655,,𝙕
letters,𝙖 U+1D656,,𝙖
letters,𝙗 U+1D657,,𝙗
letters,𝙘 U+1D658,,𝙘
letters,𝙙 U+1D659,,𝙙
letters,𝙚 U+1D65A,,𝙚
letters,𝙛 U+1D65B,,𝙛
letters,𝙜 U+1D65C,,𝙜
letters,𝙝 U+1D65D,,𝙝
letters,𝙞 U+1D65E,,𝙞
letters,𝙟 U+1D65F,,𝙟
letters,𝙠 U+1D660,,𝙠
letters,𝙡 U+1D661,,𝙡
letters,𝙢 U+1D662,,𝙢
letters,𝙣 U+1D663,,𝙣
letters,𝙤 U+1D664,,𝙤
letters,𝙥 U+1D665,,𝙥
letters,𝙦 U+1D666,,𝙦
letters,𝙧 U+1D667,,𝙧
letters,𝙨 U+1D668,,𝙨
letters,𝙩 U+1D669,,𝙩
letters,𝙪 U+1D66A,,𝙪
letters,𝙫 U+1D66B,,𝙫
letters,𝙬 U+1D66C,,𝙬
letters,𝙭 U+1D66D,,𝙭
letters,𝙮 U+1D66E,,𝙮
letters,𝙯 U+1D66F,,𝙯
letters,𝙰 U+1D670,,𝙰
letters,𝙱 U+1D671,,𝙱
letters,𝙲 U+1D672,,𝙲
letters,𝙳 U+1D673,,𝙳
letters,𝙴 U+1D674,,𝙴
letters,𝙵 U+1D675,,𝙵
letters,𝙶 U+1D676,,𝙶
letters,𝙷 U+1D677,,𝙷
letters,𝙸 U+1D678,,𝙸
letters,𝙹 U+1D679,,𝙹
letters,𝙺 U+1D67A,,𝙺
letters,𝙻 U+1D67B,,𝙻
letters,𝙼 U+1D67C,,𝙼
letters,𝙽 U+1D67D,,𝙽
letters,𝙾 U+1D67E,,𝙾
letters,𝙿 U+1D67F,,𝙿
letters,𝚀 U+1D680,,𝚀
letters,𝚁 U+1D681,,𝚁
letters,𝚂 U+1D682,,𝚂
letters,𝚃 U+1D683,,𝚃
letters,𝚄 U+1D684,,𝚄
letters,𝚅 U+1D685,,𝚅
letters,𝚆 U+1D686,,𝚆
letters,𝚇 U+1D687,,𝚇
letters,𝚈 U+1D688,,𝚈
letters,𝚉 U+1D689,,𝚉
letters,𝚊 U+1D68A,,𝚊
letters,𝚋 U+1D68B,,𝚋
letters,𝚌 U+1D68C,,𝚌
letters,𝚍 U+1D68D,,𝚍
letters,𝚎 U+1D68E,,𝚎
letters,𝚏 U+1D68F,,𝚏
letters,𝚐 U+1D690,,𝚐
letters,𝚑 U+1D691,,𝚑
letters,𝚒 U+1D692,,𝚒
letters,𝚓 U+1D693,,𝚓
letters,𝚔 U+1D694,,𝚔
letters,𝚕 U+1D695,,𝚕
letters,𝚖 U+1D696,,𝚖
letters,𝚗 U+1D697,,𝚗
letters,𝚘 U+1D698,,𝚘
letters,𝚙 U+1D699,,𝚙
letters,𝚚 U+1D69A,,𝚚
letters,𝚛 U+1D69B,,𝚛
letters,𝚜 U+1D69C,,𝚜
letters,𝚝 U+1D69D,,𝚝
letters,𝚞 U+1D69E,,𝚞
letters,𝚟 U+1D69F,,𝚟
letters,𝚠 U+1D6A0,,𝚠
letters,𝚡 U+1D6A1,,𝚡
letters,𝚢 U+1D6A2,,𝚢
letters,𝚣 U+1D6A3,,𝚣
letters,𝚤 U+1D6A4,,𝚤
letters,𝚥 U+1D6A5,,𝚥
letters,𝚨 U+1D6A8,,𝚨
letters,𝚩 U+1D6A9,,𝚩
letters,𝚪 U+1D6AA,,𝚪
letters,𝚫 U+1D6AB,,𝚫
letters,𝚬 U+1D6AC,,𝚬
letters,𝚭 U+1D6AD,,𝚭
letters,𝚮 U+1D6AE,,𝚮
letters,𝚯 U+1D6AF,,𝚯
letters,𝚰 U+1D6B0,,𝚰
letters,𝚱 U+1D6B1,,𝚱
letters,𝚲 U+1D6B2,,𝚲
letters,𝚳 U+1D6B3,,𝚳
letters,𝚴 U+1D6B4,,𝚴
letters,𝚵 U+1D6B5,,𝚵
letters,𝚶 U+1D6B6,,𝚶
letters,𝚷 U+1D6B7,,𝚷
letters,𝚸 U+1D6B8,,𝚸
letters,𝚹 U+1D6B9,,𝚹
letters,𝚺 U+1D6BA,,𝚺
letters,𝚻 U+1D6BB,,𝚻
letters,𝚼 U+1D6BC,,𝚼
letters,𝚽 U+1D6BD,,𝚽
letters,𝚾 U+1D6BE,,𝚾
letters,𝚿 U+1D6BF,,𝚿
letters,𝛀 U+1D6C0,,𝛀
letters,𝛁 U+1D6C1,,𝛁
letters,𝛂 U+1D6C2,,𝛂
letters,𝛃 U+1D6C3,,𝛃
letters,𝛄 U+1D6C4,,𝛄
letters,𝛅 U+1D6C5,,𝛅
letters,𝛆 U+1D6C6,,𝛆
letters,𝛇 U+1D6C7,,𝛇
letters,𝛈 U+1D6C8,,𝛈
letters,𝛉 U+1D6C9,,𝛉
letters,𝛊 U+1D6CA,,𝛊
letters,𝛋 U+1D6CB,,𝛋
letters,𝛌 U+1D6CC,,𝛌
letters,𝛍 U+1D6CD,,𝛍
letters,𝛎 U+1D6CE,,𝛎
letters,𝛏 U+1D6CF,,𝛏
letters,𝛐 U+1D6D0,,𝛐
letters,𝛑 U+1D6D1,,𝛑
letters,𝛒 U+1D6D2,,𝛒
letters,𝛓 U+1D6D3,,𝛓
letters,𝛔 U+1D6D4,,𝛔
letters,𝛕 U+1D6D5,,𝛕
letters,𝛖 U+1D6D6,,𝛖
letters,𝛗 U+1D6D7,,𝛗
letters,𝛘 U+1D6D8,,𝛘
letters,𝛙 U+1D6D9,,𝛙
letters,𝛚 U+1D6DA,,𝛚
letters,𝛛 U+1D6DB,,𝛛
letters,𝛜 U+1D6DC,,𝛜
letters,𝛝 U+1D6DD,,𝛝
letters,𝛞 U+1D6DE,,𝛞
letters,𝛟 U+1D6DF,,𝛟
letters,𝛠 U+1D6E0,,𝛠
letters,𝛡 U+1D6E1,,𝛡
letters,𝛢 U+1D6E2,,𝛢
letters,𝛣 U+1D6E3,,𝛣
letters,𝛤 U+1D6E4,,𝛤
letters,𝛥 U+1D6E5,,𝛥
letters,𝛦 U+1D6E6,,𝛦
letters,𝛧 U+1D6E7,,𝛧
letters,𝛨 U+1D6E8,,𝛨
letters,𝛩 U+1D6E9,,𝛩
letters,𝛪 U+1D6EA,,𝛪
letters,𝛫 U+1D6EB,,𝛫
letters,𝛬 U+1D6EC,,𝛬
letters,𝛭 U+1D6ED,,𝛭
letters,𝛮 U+1D6EE,,𝛮
letters,𝛯 U+1D6EF,,𝛯
letters,𝛰 U+1D6F0,,𝛰
letters,𝛱 U+1D6F1,,𝛱
letters,𝛲 U+1D6F2,,𝛲
letters,𝛳 U+1D6F3,,𝛳
letters,𝛴 U+1D6F4,,𝛴
letters,𝛵 U+1D6F5,,𝛵
letters,𝛶 U+1D6F6,,𝛶
letters,𝛷 U+1D6F7,,𝛷
letters,𝛸 U+1D6F8,,𝛸
letters,𝛹 U+1D6F9,,𝛹
letters,𝛺 U+1D6FA,,𝛺
letters,𝛻 U+1D6FB,,𝛻
letters,𝛼 U+1D6FC,,𝛼
letters,𝛽 U+1D6FD,,𝛽
letters,𝛾 U+1D6FE,,𝛾
letters,𝛿 U+1D6FF,,𝛿
letters,𝜀 U+1D700,,𝜀
letters,𝜁 U+1D701,,𝜁
letters,𝜂 U+1D702,,𝜂
letters,𝜃 U+1D703,,𝜃
letters,𝜄 U+1D704,,𝜄
letters,𝜅 U+1D705,,𝜅
letters,𝜆 U+1D706,,𝜆
letters,𝜇 U+1D707,,𝜇
letters,𝜈 U+1D708,,𝜈
letters,𝜉 U+1D709,,𝜉
letters,𝜊 U+1D70A,,𝜊
letters,𝜋 U+1D70B,,𝜋
letters,𝜌 U+1D70C,,𝜌
letters,𝜍 U+1D70D,,𝜍
letters,𝜎 U+1D70E,,𝜎
letters,𝜏 U+1D70F,,𝜏
letters,𝜐 U+1D710,,𝜐
letters,𝜑 U+1D711,,𝜑
letters,𝜒 U+1D712,,𝜒
letters,𝜓 U+1D713,,𝜓
letters,𝜔 U+1D714,,𝜔
letters,𝜕 U+1D715,,𝜕
letters,𝜖 U+1D716,,𝜖
letters,𝜗 U+1D717,,𝜗
letters,𝜘 U+1D718,,𝜘
letters,𝜙 U+1D719,,𝜙
letters,𝜚 U+1D71A,,𝜚
letters,𝜛 U+1D71B,,𝜛
letters,𝜜 U+1D71C,,𝜜
letters,𝜝 U+1D71D,,𝜝
letters,𝜞 U+1D71E,,𝜞
letters,𝜟 U+1D71F,,𝜟
letters,𝜠 U+1D720,,𝜠
letters,𝜡 U+1D721,,𝜡
letters,𝜢 U+1D722,,𝜢
letters,𝜣 U+1D723,,𝜣
letters,𝜤 U+1D724,,𝜤
letters,𝜥 U+1D725,,𝜥
letters,𝜦 U+1D726,,𝜦
letters,𝜧 U+1D727,,𝜧
letters,𝜨 U+1D728,,𝜨
letters,𝜩 U+1D729,,𝜩
letters,𝜪 U+1D72A,,𝜪
letters,𝜫 U+1D72B,,𝜫
letters,𝜬 U+1D72C,,𝜬
letters,𝜭 U+1D72D,,𝜭
letters,𝜮 U+1D72E,,𝜮
letters,𝜯 U+1D72F,,𝜯
letters,𝜰 U+1D730,,𝜰
letters,𝜱 U+1D731,,𝜱
letters,𝜲 U+1D732,,𝜲
letters,𝜳 U+1D733,,𝜳
letters,𝜴 U+1D734,,𝜴
letters,𝜵 U+1D735,,𝜵
letters,𝜶 U+1D736,,𝜶
letters,𝜷 U+1D737,,𝜷
letters,𝜸 U+1D738,,𝜸
letters,𝜹 U+1D739,,𝜹
letters,𝜺 U+1D73A,,𝜺
letters,𝜻 U+1D73B,,𝜻
letters,𝜼 U+1D73C,,𝜼
letters,𝜽 U+1D73D,,𝜽
letters,𝜾 U+1D73E,,𝜾
letters,𝜿 U+1D73F,,𝜿
letters,𝝀 U+1D740,,𝝀
letters,𝝁 U+1D741,,𝝁
letters,𝝂 U+1D742,,𝝂
letters,𝝃 U+1D743,,𝝃
letters,𝝄 U+1D744,,𝝄
letters,𝝅 U+1D745,,𝝅
letters,𝝆 U+1D746,,𝝆
letters,𝝇 U+1D747,,𝝇
letters,𝝈 U+1D748,,𝝈
letters,𝝉 U+1D749,,𝝉
letters,𝝊 U+1D74A,,𝝊
letters,𝝋 U+1D74B,,𝝋
letters,𝝌 U+1D74C,,𝝌
letters,𝝍 U+1D74D,,𝝍
letters,𝝎 U+1D74E,,𝝎
letters,𝝏 U+1D74F,,𝝏
letters,𝝐 U+1D750,,𝝐
letters,𝝑 U+1D751,,𝝑
letters,𝝒 U+1D752,,𝝒
letters,𝝓 U+1D753,,𝝓
letters,𝝔 U+1D754,,𝝔
letters,𝝕 U+1D755,,𝝕
letters,𝝖 U+1D756,,𝝖
letters,𝝗 U+1D757,,𝝗
letters,𝝘 U+1D758,,𝝘
letters,𝝙 U+1D759,,𝝙
letters,𝝚 U+1D75A,,𝝚
letters,𝝛 U+1D75B,,𝝛
letters,𝝜 U+1D75C,,𝝜
letters,𝝝 U+1D75D,,𝝝
letters,𝝞 U+1D75E,,𝝞
letters,𝝟 U+1D75F,,𝝟
letters,𝝠 U+1D760,,𝝠
letters,𝝡 U+1D761,,𝝡
letters,𝝢 U+1D762,,𝝢
letters,𝝣 U+1D763,,𝝣
letters,𝝤 U+1D764,,𝝤
letters,𝝥 U+1D765,,𝝥
letters,𝝦 U+1D766,,𝝦
letters,𝝧 U+1D767,,𝝧
letters,𝝨 U+1D768,,𝝨
letters,𝝩 U+1D769,,𝝩
letters,𝝪 U+1D76A,,𝝪
letters,𝝫 U+1D76B,,𝝫
letters,𝝬 U+1D76C,,𝝬
letters,𝝭 U+1D76D,,𝝭
letters,𝝮 U+1D76E,,𝝮
letters,𝝯 U+1D76F,,𝝯
letters,𝝰 U+1D770,,𝝰
letters,𝝱 U+1D771,,𝝱
letters,𝝲 U+1D772,,𝝲
letters,𝝳 U+1D773,,𝝳
letters,𝝴 U+1D774,,𝝴
letters,𝝵 U+1D775,,𝝵
letters,𝝶 U+1D776,,𝝶
letters,𝝷 U+1D777,,𝝷
letters,𝝸 U+1D778,,𝝸
letters,𝝹 U+1D779,,𝝹
letters,𝝺 U+1D77A,,𝝺
letters,𝝻 U+1D77B,,𝝻
letters,𝝼 U+1D77C,,𝝼
letters,𝝽 U+1D77D,,𝝽
letters,𝝾 U+1D77E,,𝝾
letters,𝝿 U+1D77F,,𝝿
letters,𝞀 U+1D780,,𝞀
letters,𝞁 U+1D781,,𝞁
letters,𝞂 U+1D782,,𝞂
letters,𝞃 U+1D783,,𝞃
letters,𝞄 U+1D784,,𝞄
letters,𝞅 U+1D785,,𝞅
letters,𝞆 U+1D786,,𝞆
letters,𝞇 U+1D787,,𝞇
letters,𝞈 U+1D788,,𝞈
letters,𝞉 U+1D789,,𝞉
letters,𝞊 U+1D78A,,𝞊
letters,𝞋 U+1D78B,,𝞋
letters,𝞌 U+1D78C,,𝞌
letters,𝞍 U+1D78D,,𝞍
letters,𝞎 U+1D78E,,𝞎
letters,𝞏 U+1D78F,,𝞏
letters,𝞐 U+1D790,,𝞐
letters,𝞑 U+1D791,,𝞑
letters,𝞒 U+1D792,,𝞒
letters,𝞓 U+1D793,,𝞓
letters,𝞔 U+1D794,,𝞔
letters,𝞕 U+1D795,,𝞕
letters,𝞖 U+1D796,,𝞖
letters,𝞗 U+1D797,,𝞗
letters,𝞘 U+1D798,,𝞘
letters,𝞙 U+1D799,,𝞙
letters,𝞚 U+1D79A,,𝞚
letters,𝞛 U+1D79B,,𝞛
letters,𝞜 U+1D79C,,𝞜
letters,𝞝 U+1D79D,,𝞝
letters,𝞞 U+1D79E,,𝞞
letters,𝞟 U+1D79F,,𝞟
letters,𝞠 U+1D7A0,,𝞠
letters,𝞡 U+1D7A1,,𝞡
letters,𝞢 U+1D7A2,,𝞢
letters,𝞣 U+1D7A3,,𝞣
letters,𝞤 U+1D7A4,,𝞤
letters,𝞥 U+1D7A5,,𝞥
letters,𝞦 U+1D7A6,,𝞦
letters,𝞧 U+1D7A7,,𝞧
letters,𝞨 U+1D7A8,,𝞨
letters,𝞩 U+1D7A9,,𝞩
letters,𝞪 U+1D7AA,,𝞪
letters,𝞫 U+1D7AB,,𝞫
letters,𝞬 U+1D7AC,,𝞬
letters,𝞭 U+1D7AD,,𝞭
letters,𝞮 U+1D7AE,,𝞮
letters,𝞯 U+1D7AF,,𝞯
letters,𝞰 U+1D7B0,,𝞰
letters,𝞱 U+1D7B1,,𝞱
letters,𝞲 U+1D7B2,,𝞲
letters,𝞳 U+1D7B3,,𝞳
letters,𝞴 U+1D7B4,,𝞴
letters,𝞵 U+1D7B5,,𝞵
letters,𝞶 U+1D7B6,,𝞶
letters,𝞷 U+1D7B7,,𝞷
letters,𝞸 U+1D7B8,,𝞸
letters,𝞹 U+1D7B9,,𝞹
letters,𝞺 U+1D7BA,,𝞺
letters,𝞻 U+1D7BB,,𝞻
letters,𝞼 U+1D7BC,,𝞼
letters,𝞽 U+1D7BD,,𝞽
letters,𝞾 U+1D7BE,,𝞾
letters,𝞿 U+1D7BF,,𝞿
letters,𝟀 U+1D7C0,,𝟀
letters,𝟁 U+1D7C1,,𝟁
letters,𝟂 U+1D7C2,,𝟂
letters,𝟃 U+1D7C3,,𝟃
letters,𝟄 U+1D7C4,,𝟄
letters,𝟅 U+1D7C5,,𝟅
letters,𝟆 U+1D7C6,,𝟆
letters,𝟇 U+1D7C7,,𝟇
letters,𝟈 U+1D7C8,,𝟈
letters,𝟉 U+1D7C9,,𝟉
letters,𝟊 U+1D7CA,,𝟊
letters,𝟋 U+1D7CB,,𝟋
letters,𝟎 U+1D7CE,,𝟎
letters,𝟏 U+1D7CF,,𝟏
letters,𝟐 U+1D7D0,,𝟐
letters,𝟑 U+1D7D1,,𝟑
letters,𝟒 U+1D7D2,,𝟒
letters,𝟓 U+1D7D3,,𝟓
letters,𝟔 U+1D7D4,,𝟔
letters,𝟕 U+1D7D5,,𝟕
letters,𝟖 U+1D7D6,,𝟖
letters,𝟗 U+1D7D7,,𝟗
letters,𝟘 U+1D7D8,,𝟘
letters,𝟙 U+1D7D9,,𝟙
letters,𝟚 U+1D7DA,,𝟚
letters,𝟛 U+1D7DB,,𝟛
letters,𝟜 U+1D7DC,,𝟜
letters,𝟝 U+1D7DD,,𝟝
letters,𝟞 U+1D7DE,,𝟞
letters,𝟟 U+1D7DF,,𝟟
letters,𝟠 U+1D7E0,,𝟠
letters,𝟡 U+1D7E1,,𝟡
letters,𝟢 U+1D7E2,,𝟢
letters,𝟣 U+1D7E3,,𝟣
letters,𝟤 U+1D7E4,,𝟤
letters,𝟥 U+1D7E5,,𝟥
letters,𝟦 U+1D7E6,,𝟦
letters,𝟧 U+1D7E7,,𝟧
letters,𝟨 U+1D7E8,,𝟨
letters,𝟩 U+1D7E9,,𝟩
letters,𝟪 U+1D7EA,,𝟪
letters,𝟫 U+1D7EB,,𝟫
letters,𝟬 U+1D7EC,,𝟬
letters,𝟭 U+1D7ED,,𝟭
letters,𝟮 U+1D7EE,,𝟮
letters,𝟯 U+1D7EF,,𝟯
letters,𝟰 U+1D7F0,,𝟰
letters,𝟱 U+1D7F1,,𝟱
letters,𝟲 U+1D7F2,,𝟲
letters,𝟳 U+1D7F3,,𝟳
letters,𝟴 U+1D7F4,,𝟴
letters,𝟵 U+1D7F5,,𝟵
letters,𝟶 U+1D7F6,,𝟶
letters,𝟷 U+1D7F7,,𝟷
letters,𝟸 U+1D7F8,,𝟸
letters,𝟹 U+1D7F9,,𝟹
letters,𝟺 U+1D7FA,,𝟺
letters,𝟻 U+1D7FB,,𝟻
letters,𝟼 U+1D7FC,,𝟼
letters,𝟽 U+1D7FD,,𝟽
letters,𝟾 U+1D7FE,,𝟾
letters,𝟿 U+1D7FF,,𝟿
operators,𞸀 U+1EE00,,𞸀
operators,𞸁 U+1EE01,,𞸁
operators,𞸂 U+1EE02,,𞸂
operators,𞸃 U+1EE03,,𞸃
operators,𞸅 U+1EE05,,𞸅
operators,𞸆 U+1EE06,,𞸆
operators,𞸇 U+1EE07,,𞸇
operators,𞸈 U+1EE08,,𞸈
operators,𞸉 U+1EE09,,𞸉
operators,𞸊 U+1EE0A,,𞸊
operators,𞸋 U+1EE0B,,𞸋
operators,𞸌 U+1EE0C,,𞸌
operators,𞸍 U+1EE0D,,𞸍
operators,𞸎 U+1EE0E,,𞸎
operators,𞸏 U+1EE0F,,𞸏
operators,𞸐 U+1EE10,,𞸐
operators,𞸑 U+1EE11,,𞸑
operators,𞸒 U+1EE12,,𞸒
operators,𞸓 U+1EE13,,𞸓
operators,𞸔 U+1EE14,,𞸔
operators,𞸕 U+1EE15,,𞸕
operators,𞸖 U+1EE16,,𞸖
operators,𞸗 U+1EE17,,𞸗
operators,𞸘 U+1EE18,,𞸘
operators,𞸙 U+1EE19,,𞸙
operators,𞸚 U+1EE1A,,𞸚
operators,𞸛 U+1EE1B,,𞸛
operators,𞸜 U+1EE1C,,𞸜
operators,𞸝 U+1EE1D,,𞸝
operators,𞸞 U+1EE1E,,𞸞
operators,𞸟 U+1EE1F,,𞸟
operators,𞸡 U+1EE21,,𞸡
operators,𞸢 U+1EE22,,𞸢
operators,𞸤 U+1EE24,,𞸤
operators,𞸧 U+1EE27,,𞸧
operators,𞸩 U+1EE29,,𞸩
operators,𞸪 U+1EE2A,,𞸪
operators,𞸫 U+1EE2B,,𞸫
operators,𞸬 U+1EE2C,,𞸬
operators,𞸭 U+1EE2D,,𞸭
operators,𞸮 U+1EE2E,,𞸮
operators,𞸯 U+1EE2F,,𞸯
operators,𞸰 U+1EE30,,𞸰
operators,𞸱 U+1EE31,,𞸱
operators,𞸲 U+1EE32,,𞸲
operators,𞸴 U+1EE34,,𞸴
operators,𞸵 U+1EE35,,𞸵
operators,𞸶 U+1EE36,,𞸶
operators,𞸷 U+1EE37,,𞸷
operators,𞸹 U+1EE39,,𞸹
operators,𞸻 U+1EE3B,,𞸻
operators,𞹂 U+1EE42,,𞹂
operators,𞹇 U+1EE47,,𞹇
operators,𞹉 U+1EE49,,𞹉
operators,𞹋 U+1EE4B,,𞹋
operators,𞹍 U+1EE4D,,𞹍
operators,𞹎 U+1EE4E,,𞹎
operators,𞹏 U+1EE4F,,𞹏
operators,𞹑 U+1EE51,,𞹑
operators,𞹒 U+1EE52,,𞹒
operators,𞹔 U+1EE54,,𞹔
operators,𞹗 U+1EE57,,𞹗
operators,𞹙 U+1EE59,,𞹙
operators,𞹛 U+1EE5B,,𞹛
operators,𞹝 U+1EE5D,,𞹝
operators,𞹟 U+1EE5F,,𞹟
operators,𞹡 U+1EE61,,𞹡
operators,𞹢 U+1EE62,,𞹢
operators,𞹤 U+1EE64,,𞹤
operators,𞹧 U+1EE67,,𞹧
operators,𞹨 U+1EE68,,𞹨
operators,𞹩 U+1EE69,,𞹩
operators,𞹪 U+1EE6A,,𞹪
operators,𞹬 U+1EE6C,,𞹬
operators,𞹭 U+1EE6D,,𞹭
operators,𞹮 U+1EE6E,,𞹮
operators,𞹯 U+1EE6F,,𞹯
operators,𞹰 U+1EE70,,𞹰
operators,𞹱 U+1EE71,,𞹱
operators,𞹲 U+1EE72,,𞹲
operators,𞹴 U+1EE74,,𞹴
operators,𞹵 U+1EE75,,𞹵
operators,𞹶 U+1EE76,,𞹶
operators,𞹷 U+1EE77,,𞹷
operators,𞹹 U+1EE79,,𞹹
operators,𞹺 U+1EE7A,,𞹺
operators,𞹻 U+1EE7B,,𞹻
operators,𞹼 U+1EE7C,,𞹼
operators,𞹾 U+1EE7E,,𞹾
operators,𞺀 U+1EE80,,𞺀
operators,𞺁 U+1EE81,,𞺁
operators,𞺂 U+1EE82,,𞺂
operators,𞺃 U+1EE83,,𞺃
operators,𞺄 U+1EE84,,𞺄
operators,𞺅 U+1EE85,,𞺅
operators,𞺆 U+1EE86,,𞺆
operators,𞺇 U+1EE87,,𞺇
operators,𞺈 U+1EE88,,𞺈
operators,𞺉 U+1EE89,,𞺉
operators,𞺋 U+1EE8B,,𞺋
operators,𞺌 U+1EE8C,,𞺌
operators,𞺍 U+1EE8D,,𞺍
operators,𞺎 U+1EE8E,,𞺎
operators,𞺏 U+1EE8F,,𞺏
operators,𞺐 U+1EE90,,𞺐
operators,𞺑 U+1EE91,,𞺑
operators,𞺒 U+1EE92,,𞺒
operators,𞺓 U+1EE93,,𞺓
operators,𞺔 U+1EE94,,𞺔
operators,𞺕 U+1EE95,,𞺕
operators,𞺖 U+1EE96,,𞺖
operators,𞺗 U+1EE97,,𞺗
operators,𞺘 U+1EE98,,𞺘
operators,𞺙 U+1EE99,,𞺙
operators,𞺚 U+1EE9A,,𞺚
operators,𞺛 U+1EE9B,,𞺛
operators,𞺡 U+1EEA1,,𞺡
operators,𞺢 U+1EEA2,,𞺢
operators,𞺣 U+1EEA3,,𞺣
operators,𞺥 U+1EEA5,,𞺥
operators,𞺦 U+1EEA6,,𞺦
operators,𞺧 U+1EEA7,,𞺧
operators,𞺨 U+1EEA8,,𞺨
operators,𞺩 U+1EEA9,,𞺩
operators,𞺫 U+1EEAB,,𞺫
operators,𞺬 U+1EEAC,,𞺬
operators,𞺭 U+1EEAD,,𞺭
operators,𞺮 U+1EEAE,,𞺮
operators,𞺯 U+1EEAF,,𞺯
operators,𞺰 U+1EEB0,,𞺰
operators,𞺱 U+1EEB1,,𞺱
operators,𞺲 U+1EEB2,,𞺲
operators,𞺳 U+1EEB3,,𞺳
operators,𞺴 U+1EEB4,,𞺴
operators,𞺵 U+1EEB5,,𞺵
operators,𞺶 U+1EEB6,,𞺶
operators,𞺷 U+1EEB7,,𞺷
operators,𞺸 U+1EEB8,,𞺸
operators,𞺹 U+1EEB9,,𞺹
operators,𞺺 U+1EEBA,,𞺺
operators,𞺻 U+1EEBB,,𞺻
operators,𞻰 U+1EEF0,,𞻰
operators,𞻱 U+1EEF1,,𞻱
